Phy_ID,sp_ID,Family,Subfamily,Tribe,Genus valid_imaged,Species valid_imaged,Scientific name valid_imaged,Number_of_host_families,PD,MPD,MNTD,DSI_MPD,DSI_MNTD
1,B_14352,Nymphalidae,Satyrinae,Satyrini,Euptychia,mollina,Euptychia mollina,1,325.050732,95.4795,95.4795,-2.000430702,-1.639949991
2,B_15867,Nymphalidae,Satyrinae,Satyrini,Taygetis,virgilia,Taygetis virgilia,1,325.050732,95.4795,95.4795,-2.000430702,-1.639949991
3,B_14117,Nymphalidae,Satyrinae,Satyrini,Corades,medeba,Corades medeba,1,325.050732,95.4795,95.4795,-2.000430702,-1.639949991
4,B_14959,Nymphalidae,Satyrinae,Satyrini,Manerebia,cyclopina,Manerebia cyclopina,1,325.050732,95.4795,95.4795,-2.000430702,-1.639949991
5,B_13970,Nymphalidae,Satyrinae,Satyrini,Calisto,obscura,Calisto obscura,1,325.050732,95.4795,95.4795,-2.000430702,-1.639949991
6,B_15919,Nymphalidae,Satyrinae,Satyrini,Ypthima,baldus,Ypthima baldus,1,325.050732,95.4795,95.4795,-2.000430702,-1.639949991
7,B_14235,Nymphalidae,Satyrinae,Satyrini,Erebia,ligea,Erebia ligea,1,325.050732,95.4795,95.4795,-2.000430702,-1.639949991
8,B_14994,Nymphalidae,Satyrinae,Satyrini,Maniola,jurtina,Maniola jurtina,1,325.050732,95.4795,95.4795,-2.000430702,-1.639949991
9,B_15011,Nymphalidae,Satyrinae,Satyrini,Melanargia,galathea,Melanargia galathea,1,325.050732,95.4795,95.4795,-2.000430702,-1.639949991
10,B_15729,Nymphalidae,Satyrinae,Satyrini,Satyrus,ferula,Satyrus ferula,1,325.050732,95.4795,95.4795,-2.000430702,-1.639949991
11,B_15265,Nymphalidae,Satyrinae,Satyrini,Oressinoma,typhla,Oressinoma typhla,1,325.050732,95.4795,95.4795,-2.000430702,-1.639949991
12,B_14096,Nymphalidae,Satyrinae,Satyrini,Coenonympha,tullia,Coenonympha tullia,1,325.050732,95.4795,95.4795,-2.000430702,-1.639949991
13,B_14759,Nymphalidae,Satyrinae,Satyrini,Lethe,mekara,Lethe mekara,1,325.050732,95.4795,95.4795,-2.000430702,-1.639949991
14,B_15331,Nymphalidae,Satyrinae,Satyrini,Pararge,aegeria,Pararge aegeria,1,325.050732,95.4795,95.4795,-2.000430702,-1.639949991
15,B_13840,Nymphalidae,Satyrinae,Satyrini,Bicyclus,denina,Bicyclus denina,1,325.050732,95.4795,95.4795,-2.000430702,-1.639949991
16,B_15267,Nymphalidae,Satyrinae,Satyrini,Orsotriaena,medus,Orsotriaena medus,1,325.050732,95.4795,95.4795,-2.000430702,-1.639949991
17,B_15702,Nymphalidae,Satyrinae,Satyrini,Ragadia,makuta,Ragadia makuta,1,325.050732,95.4795,95.4795,-2.000430702,-1.639949991
18,B_13596,Nymphalidae,Satyrinae,Dirini,Aeropetes,tulbaghia,Aeropetes tulbaghia,2,418.872232,187.64298,187.64298,-1.155152917,-0.860297683
19,B_13726,Nymphalidae,Satyrinae,Melanitini,Melanitis,leda,Melanitis leda,2,418.872232,187.64298,187.64298,-1.155152917,-0.860297683
20,B_19431,Nymphalidae,Satyrinae,Elymniini,Morphopsis,albertisi,Morphopsis albertisi,1,325.050732,95.4795,95.4795,-2.000430702,-1.639949991
21,B_13646,Nymphalidae,Satyrinae,Elymniini,Elymnias,hypermnestra,Elymnias hypermnestra,1,325.050732,95.4795,95.4795,-2.000430702,-1.639949991
22,B_12927,Nymphalidae,Satyrinae,Amathusiini,Zeuxidia,doubledaii,Zeuxidia doubledaii,1,325.050972,51.8437,51.8437,-2.303016405,-2.036770203
23,B_13696,Nymphalidae,Satyrinae,Haeterini,Haetera,piera,Haetera piera,1,325.050282,99.1432,99.1432,-2.08219519,-1.62615957
24,B_13057,Nymphalidae,Satyrinae,Morphini,Morpho,helenor,Morpho helenor,6,860.515947,223.0226173,207.8705398,-0.917543721,-0.898590093
25,B_12945,Nymphalidae,Satyrinae,Brassolini,Brassolis,sophorae,Brassolis sophorae,1,325.050282,99.1432,99.1432,-2.08219519,-1.62615957
26,B_10464,Nymphalidae,Charaxinae,Prothoini,Prothoe,franckii,Prothoe franckii,1,325.05054,142.4068,142.4068,-1.222403248,-1.594470017
27,B_10231,Nymphalidae,Charaxinae,Charaxini,Charaxes,brutus,Charaxes brutus,3,523.245732,207.26412,189.1250433,-0.78323401,-1.401535075
28,B_10434,Nymphalidae,Charaxinae,Pallaini,Palla,ussheri,Palla ussheri,3,567.363839,243.7468787,240.1669363,-0.371596422,-0.139384881
29,B_10452,Nymphalidae,Charaxinae,Preponini,Prepona,dexamenus,Prepona dexamenus,2,427.658378,205.215547,205.215547,-0.725519741,-0.766403328
30,,Nymphalidae,Charaxinae,Anaeomorphini,Anaeomorpha,splendida,Anaeomorpha splendida,NA,NA,NA,NA,NA,NA
31,B_10097,Nymphalidae,Charaxinae,Anaeini,Consul,electra,Consul electra,1.5,382.943768,178.392873,178.392873,-0.934311217,-0.8862521
32,B_10081,Nymphalidae,Calinaginae,,Calinaga,buddha,Calinaga buddha,1,325.050862,84.9278,84.9278,-1.656879167,-2.994635875
33,B_13153,Nymphalidae,Nymphalinae,Junoniini,Junonia,natalica,Junonia natalica,2,460.808532,266.35092,266.35092,-0.043765055,0.053718331
34,B_13088,Nymphalidae,Nymphalinae,Victorini,Anartia,fatima,Anartia fatima,2,372.321322,136.87521,136.87521,-1.454374437,-1.455841338
35,B_13371,Nymphalidae,Nymphalinae,Melanitini,Melitaea,didyma,Melitaea didyma,2,418.872232,187.64298,187.64298,-1.155152917,-0.860297683
36,B_13172,Nymphalidae,Nymphalinae,Kallimini,Kallima,inachus,Kallima inachus,1,325.049922,69.4758,69.4758,-1.866533435,-4.04570489
37,B_13522,Nymphalidae,Nymphalinae,Nymphalini,Nymphalis,xanthomelas,Nymphalis xanthomelas,2,398.519362,146.93824,146.93824,-1.382803882,-1.768397783
38,B_13082,Nymphalidae,Nymphalinae,Coeini,Pycina,zamba,Pycina zamba,2,443.629315,237.158323,237.158323,-0.337902802,-0.323132869
39,B_13081,Nymphalidae,Nymphalinae,Coeini,Historis,odius,Historis odius,2,443.629315,237.158323,237.158323,-0.337902802,-0.323132869
40,B_10489,Nymphalidae,Cyrestinae,,Cyrestis,nivea,Cyrestis nivea,1,325.050862,84.9278,84.9278,-1.656879167,-2.994635875
41,B_9903,Nymphalidae,Biblidinae,Epiphilini,Epiphile,adrasta,Epiphile adrasta,2,443.629774,237.158082,237.158082,-0.26265011,-0.359707501
42,B_9844,Nymphalidae,Biblidinae,Callicorini,Diaethria,anna,Diaethria anna,1,325.050844,121.5324,121.5324,-2.146602916,-1.574962554
43,B_10003,Nymphalidae,Biblidinae,Epicaliini,Nessaea,aglaura,Nessaea aglaura,1,325.050651,123.7924,123.7924,-1.620257173,-1.539543392
44,B_10011,Nymphalidae,Biblidinae,Ageroniini,Panacea,procilla,Panacea procilla,1,325.050651,123.7924,123.7924,-1.620257173,-1.539543392
45,B_9888,Nymphalidae,Biblidinae,Eubagini,Dynamine,postverta,Dynamine postverta,1,325.050651,123.7924,123.7924,-1.620257173,-1.539543392
46,B_9803,Nymphalidae,Biblidinae,Biblidini,Biblis,hyperia,Biblis hyperia,1,325.050651,123.7924,123.7924,-1.620257173,-1.539543392
47,B_9715,Nymphalidae,Apaturinae,,Doxocopa,agathina,Doxocopa agathina,1,325.050872,142.37061,142.37061,-1.358891447,-1.385595641
48,B_13590,Nymphalidae,Pseudergolinae,,Dichorragia,nesimachus,Dichorragia nesimachus,1,325.050662,136.383,136.383,-1.619535704,-1.363184813
49,B_11843,Nymphalidae,Limenitidinae,Adoliadini,Bebearia,sophus,Bebearia sophus,3,543.143467,227.8846167,208.3002083,-0.574997722,-1.045018153
50,B_11940,Nymphalidae,Limenitidinae,Adoliadini,Euphaedra,acuta,Euphaedra acuta,3,543.143467,227.8846167,208.3002083,-0.574997722,-1.045018153
51,B_12459,Nymphalidae,Limenitidinae,Limenitidini,Limenitis,arthemis,Limenitis arthemis,1,325.050658,125.2141,125.2141,-1.523911704,-1.390436614
52,B_11913,Nymphalidae,Limenitidinae,Limenitidini,Cymothoe,lurida,Cymothoe lurida,1,325.050658,125.2141,125.2141,-1.523911704,-1.390436614
53,B_12728,Nymphalidae,Limenitidinae,Neptini,Neptis,nata,Neptis nata,4,672.11746,233.3367207,229.8837345,-0.64051064,-0.376033933
54,B_12807,Nymphalidae,Limenitidinae,Parthenini,Parthenos,sylvia,Parthenos sylvia,3,572.517768,252.7655907,242.1686973,-0.276637611,-0.017921127
55,B_10980,Nymphalidae,Heliconiinae,Acraeini,Cethosia,cyane,Cethosia cyane,1.5,386.917958,182.032873,182.032873,-0.90808007,-1.142111689
56,B_10974,Nymphalidae,Heliconiinae,Acraeini,Altinote,ozomene,Altinote ozomene,1.5,386.917958,182.032873,182.032873,-0.90808007,-1.142111689
57,B_11155,Nymphalidae,Heliconiinae,Heliconiini,Heliconius,melpomene,Heliconius melpomene,1,325.050658,116.5963,116.5963,-1.520294168,-2.131608446
58,B_11237,Nymphalidae,Heliconiinae,Vagrantini,Vagrans,egista,Vagrans egista,1,325.050658,116.5963,116.5963,-1.520294168,-2.131608446
59,B_11238,Nymphalidae,Heliconiinae,Vagrantini,Vindula,arsinoe,Vindula arsinoe,1,325.050658,116.5963,116.5963,-1.520294168,-2.131608446
60,B_11080,Nymphalidae,Heliconiinae,Argynnini,Brenthis,daphne,Brenthis daphne,1,325.050678,141.2676,141.2676,-1.243272263,-1.554566676
61,B_11413,Nymphalidae,Danainae,Ithomiini,Ithomia,patilla,Ithomia patilla,1,325.050802,79.32,79.32,-2.326553541,-1.864410225
62,B_11447,Nymphalidae,Danainae,Ithomiini,Thyridia,psidii,Thyridia psidii,1,325.050802,79.32,79.32,-2.326553541,-1.864410225
63,B_16076,Nymphalidae,Danainae,Tellervini,Tellervo,zoilus,Tellervo zoilus,2,426.870837,144.0789174,121.3506554,-1.307807408,-1.681623378
64,B_10629,Nymphalidae,Danainae,Danaini,Ideopsis,vitrea,Ideopsis vitrea,2,448.785102,247.46919,247.46919,-0.429240221,-0.279816465
65,B_10544,Nymphalidae,Danainae,Danaini,Danaus,melanippus,Danaus melanippus,2,448.785102,247.46919,247.46919,-0.429240221,-0.279816465
66,B_11590,Nymphalidae,Libytheinae,,Libythea,celtis,Libythea celtis,1.5,374.531772,170.14708,170.14708,-1.099252792,-1.084246869
67,B_5839,Lycaenidae,Polyommatinae,Polyommatini,Polyommatus,icarus,Polyommatus icarus,6,711.938111,194.8560758,149.9510313,-1.375642195,-2.844380376
68,B_5214,Lycaenidae,Polyommatinae,Polyommatini,Hemiargus,hanno,Hemiargus hanno,6,711.938111,194.8560758,149.9510313,-1.375642195,-2.844380376
69,B_5444,Lycaenidae,Polyommatinae,Polyommatini,Lepidochrysops,patricia,Lepidochrysops patricia,6,711.938111,194.8560758,149.9510313,-1.375642195,-2.844380376
70,B_4865,Lycaenidae,Polyommatinae,Niphandini,Niphanda,fusca,Niphanda fusca,NA,NA,NA,NA,NA,NA
71,B_4705,Lycaenidae,Polyommatinae,Lycaenesthini,Anthene,emolus,Anthene emolus,1,325.050532,148.885,148.885,-1.363267211,-1.806592041
72,B_5080,Lycaenidae,Polyommatinae,Polyommatini,Cupidopsis,cissus,Cupidopsis cissus,6,711.938111,194.8560758,149.9510313,-1.375642195,-2.844380376
73,B_9447,Lycaenidae,Theclinae,Oxylidini,Oxylides,faunus,Oxylides faunus,2,444.822932,239.54422,239.54422,-0.266965016,-0.398412755
74,B_8927,Lycaenidae,Theclinae,Iolaini,Hemiolaus,caeculus,Hemiolaus caeculus,1,325.050922,94.848,94.848,-1.731836803,-1.637203363
75,B_9462,Lycaenidae,Theclinae,Remelanini,Remelana,jangala,Remelana jangala,10,1279.594475,234.2938799,195.7055495,-0.918731887,-0.894872051
76,B_8977,Lycaenidae,Theclinae,Hypolycaenini,Hypolycaena,phorbas,Hypolycaena phorbas,2,448.785612,247.46938,247.46938,-0.274025606,-0.187249916
77,B_7565,Lycaenidae,Theclinae,Cheritrini,Drupadia,ravindra,Drupadia ravindra,5,796.083916,241.6570002,230.407245,-0.536840331,-0.069615119
78,B_8918,Lycaenidae,Theclinae,Horagini,Horaga,onyx,Horaga onyx,15,1791.324281,238.2769751,196.4488872,-0.924053372,-0.666983664
79,B_9255,Lycaenidae,Theclinae,Loxurini,Loxura,atymnus,Loxura atymnus,1,325.049505,87.6679,87.6679,-2.205113045,-1.97275177
80,B_6943,Lycaenidae,Theclinae,Amblypodiini,Iraota,timoleon,Iraota timoleon,1,325.050862,84.9278,84.9278,-1.656879167,-2.994635875
81,B_9150,Lycaenidae,Theclinae,Iolaini,Iolaus,sidus,Iolaus sidus,1,325.050922,94.848,94.848,-1.731836803,-1.637203363
82,B_6937,Lycaenidae,Theclinae,Amblypodiini,Amblypodia,narada,Amblypodia narada,1,325.050862,84.9278,84.9278,-1.656879167,-2.994635875
83,B_7553,Lycaenidae,Theclinae,Cheritrini,Dapidodigma,hymen,Dapidodigma hymen,5,796.083916,241.6570002,230.407245,-0.536840331,-0.069615119
84,B_9686,Lycaenidae,Theclinae,Zesiusini,Zesius,chrysomallus,Zesius chrysomallus,8,1136.183904,244.5388986,223.2146318,-0.571010157,-0.110800067
85,B_7542,Lycaenidae,Theclinae,Catapaecilmatini,Catapaecilma,major,Catapaecilma major,5,746.1264825,231.8073642,214.9073879,-0.689960456,-0.857769257
86,B_7619,Lycaenidae,Theclinae,Deudorigini,Deudorix,epijarbas,Deudorix epijarbas,2,460.809285,271.517133,271.517133,-0.073078854,0.020132987
87,B_9246,Lycaenidae,Theclinae,Loxurini,Drina,cowani,Drina cowani,1,325.049505,87.6679,87.6679,-2.205113045,-1.97275177
88,B_8180,Lycaenidae,Theclinae,Eumaeini,Eumaeus,atala,Eumaeus atala,2,460.809755,271.517133,271.517133,0.044189294,0.027532103
89,B_5444,Lycaenidae,Polyommatinae,Polyommatini,Lepidochrysops,patricia,Lepidochrysops patricia,6,711.938111,194.8560758,149.9510313,-1.375642195,-2.844380376
90,B_9664,Lycaenidae,Theclinae,Tomarini,Tomares,ballus,Tomares ballus,1,325.050502,192,192,-0.773400109,-0.886740072
91,B_9473,Lycaenidae,Theclinae,Theclini,Artopoetes,pryeri,Artopoetes pryeri,1,325.050512,80.4628,80.4628,-2.057024672,-2.90510324
92,B_7518,Lycaenidae,Theclinae,Arhopalini,Semanga,superba,Semanga superba,1,325.050502,192,192,-0.773400109,-0.886740072
93,B_7516,Lycaenidae,Theclinae,Loxurini,Neomyrina,nivea,Neomyrina nivea,1,325.049505,87.6679,87.6679,-2.205113045,-1.97275177
94,B_7418,Lycaenidae,Theclinae,Arhopalini,Arhopala,micale,Arhopala micale,1,325.050502,192,192,-0.773400109,-0.886740072
95,B_9431,Lycaenidae,Theclinae,Ogyrini,Ogyris,amaryllis,Ogyris amaryllis,1,325.050922,94.848,94.848,-1.731836803,-1.637203363
96,B_9343,Lycaenidae,Theclinae,Luciini,Lucia,limbaria,Lucia limbaria,4,631.815428,239.3387647,195.601102,-0.451928495,-1.397186975
97,B_4662,Lycaenidae,Theclinae,Candalidini,Candalides,geminus,Candalides geminus,1,325.0503145,89.0608,89.0608,-1.963716622,-2.980804127
98,B_9679,Lycaenidae,Theclinae,Zesiusini,Jalmenus,evagoras,Jalmenus evagoras,8,1136.183904,244.5388986,223.2146318,-0.571010157,-0.110800067
99,B_9685,Lycaenidae,Theclinae,Zesiusini,Pseudalmenus,chlorinda,Pseudalmenus chlorinda,8,1136.183904,244.5388986,223.2146318,-0.571010157,-0.110800067
100,B_4412,Lycaenidae,Lycaeninae,,Lycaena,helloides,Lycaena helloides,1,325.050152,88.9723,88.9723,-1.530500549,-1.940131511
101,B_4642,Lycaenidae,Miletinae,Spalgini,Spalgis,epeus,Spalgis epeus,NA,NA,NA,NA,NA,NA
102,B_4648,Lycaenidae,Miletinae,Tarakini,Taraka,hamada,Taraka hamada,NA,NA,NA,NA,NA,NA
103,B_4596,Lycaenidae,Miletinae,Miletini,Allotinus,unicolor,Allotinus unicolor,NA,NA,NA,NA,NA,NA
104,B_4474,Lycaenidae,Miletinae,Lachnocnemini,Lachnocnema,durbani,Lachnocnema durbani,NA,NA,NA,NA,NA,NA
105,B_4558,Lycaenidae,Liphyrinae,,Liphyra,brassolis,Liphyra brassolis,NA,NA,NA,NA,NA,NA
106,B_6825,Lycaenidae,Lipteninae,Pentilini,Pentila,pauli,Pentila pauli,NA,NA,NA,NA,NA,NA
107,B_6534,Lycaenidae,Lipteninae,Liptenini,Liptena,rochei,Liptena rochei,NA,NA,NA,NA,NA,NA
108,B_6423,Lycaenidae,Lipteninae,Epitolini,Hewitsonia,boisduvalii,Hewitsonia boisduvalii,NA,NA,NA,NA,NA,NA
109,B_6905,Lycaenidae,Poritiinae,Poritiini,Poritia,erycinoides,Poritia erycinoides,1,325.050645,76.7222,76.7222,-2.394140677,-1.80105635
110,B_7152,Lycaenidae,Aphnaeinae,,Cigaritis,lohita,Cigaritis lohita,2,443.629595,237.157303,237.157303,-0.442655008,-0.327057586
111,B_4341,Lycaenidae,Curetinae,,Curetis,tagalica,Curetis tagalica,1,325.050502,192,192,-0.773400109,-0.886740072
112,B_18829,Riodinidae,Riodininae,Riodinini,Baeotis,zonata,Baeotis zonata,1,325.050502,192,192,-0.773400109,-0.886740072
113,B_19068,Riodinidae,Riodininae,Riodinini,Riodina,lysippus,Riodina lysippus,1,325.050502,192,192,-0.773400109,-0.886740072
114,B_18242,Riodinidae,Riodininae,Helicopini,Sarota,gamelia,Sarota gamelia,5,808.030247,248.7323168,238.2723574,-0.443259,-0.105540557
115,B_18228,Riodinidae,Riodininae,Helicopini,Helicopis,cupido,Helicopis cupido,5,808.030247,248.7323168,238.2723574,-0.443259,-0.105540557
116,B_19143,Riodinidae,Riodininae,Symmachiini,Mesene,phareus,Mesene phareus,4,680.066015,240.3545748,233.8584608,-0.47018203,-0.319054349
117,B_19262,Riodinidae,Riodininae,Emesidini,Apodemia,hypoglauca,Apodemia hypoglauca,2,437.752192,225.403265,212.8114587,-0.920029075,-0.516932651
118,B_18769,Riodinidae,Riodininae,Nymphidiini,Theope,virgilius,Theope virgilius,1,325.0505765,157.8962,157.8962,-1.196828641,-1.213141732
119,B_18607,Riodinidae,Riodininae,Nymphidiini,Nymphidium,onaeum,Nymphidium onaeum,1,325.0505765,157.8962,157.8962,-1.196828641,-1.213141732
120,B_19090,Riodinidae,Riodininae,Stalachtini,Stalachtis,euterpe,Stalachtis euterpe,NA,NA,NA,NA,NA,NA
121,B_19331,Riodinidae,Riodininae,Calydnini,Calydna,nicolayi,Calydna nicolayi,1,325.050922,90.7909,90.7909,-1.802280792,-1.881276255
122,,Riodinidae,Riodininae,Dianesiini,Dianesia,carteri,Dianesia carteri,2,437.752392,225.40331,225.40331,-0.54776928,-0.490744864
123,B_18443,Riodinidae,Riodininae,Eurybiini,Semomesia,capanea,Semomesia capanea,1,325.050502,99.499,99.499,-3.401095768,-1.627869293
124,B_18341,Riodinidae,Riodininae,Eurybiini,Mesosemia,lamachus,Mesosemia lamachus,1,325.050502,99.499,99.499,-3.401095768,-1.627869293
125,B_19432,Riodinidae,Riodininae,Eurybiini,Eurybia,nicaeus,Eurybia niceus,1,325.050502,99.499,99.499,-3.401095768,-1.627869293
126,B_18055,Riodinidae,Nemeobiinae,Nemeobiini,Abisara,echerius,Abisara echerius,1,325.050484,188,188,-1.029242829,-0.831371958
127,B_18152,Riodinidae,Nemeobiinae,Nemeobiini,Hamearis,lucina,Hamearis lucina,1,325.050484,188,188,-1.029242829,-0.831371958
128,B_17931,Riodinidae,Nemeobiinae,Euselasiini,Euselasia,euromus,Euselasia euromus,3,584.696818,263.705832,255.5867947,0.02783593,-0.01735931
129,B_17743,Pieridae,Pierinae,Pierini,Pontia,beckerii,Pontia beckerii,5,720.074355,216.9971398,186.4528612,-0.889321106,-1.509395202
130,B_17149,Pieridae,Pierinae,Pierini,Ascia,monuste,Ascia monuste,5,720.074355,216.9971398,186.4528612,-0.889321106,-1.509395202
131,B_17691,Pieridae,Pierinae,Pierini,Neophasia,terlooii,Neophasia terlooii,5,720.074355,216.9971398,186.4528612,-0.889321106,-1.509395202
132,B_17124,Pieridae,Pierinae,Pierini,Appias,libythea,Appias libythea,5,720.074355,216.9971398,186.4528612,-0.889321106,-1.509395202
133,B_17014,Pieridae,Pierinae,Elodinini,Elodina,angulipennis,Elodina angulipennis,1,325.050465,138.5406,138.5406,-1.496873134,-1.391882353
134,B_16991,Pieridae,Pierinae,Anthocharidini,Hebomoia,glaucippe,Hebomoia glaucippe,2,406.651495,163.20188,163.20188,-1.319554817,-1.052873961
135,B_16949,Pieridae,Pierinae,Anthocharidini,Anthocharis,belia,Anthocharis belia,2,406.651495,163.20188,163.20188,-1.319554817,-1.052873961
136,B_17052,Pieridae,Pierinae,Nepheronini,Nepheronia,pharis,Nepheronia pharis,1,325.050465,138.5406,138.5406,-1.496873134,-1.391882353
137,B_17046,Pieridae,Pierinae,Leptosianini,Leptosia,nina,Leptosia nina,2,448.784785,247.469241,247.469241,-0.255545426,-0.327291437
138,B_17817,Pieridae,Pierinae,Teracolini,Colotis,hetaera,Colotis hetaera,1,325.050465,138.5406,138.5406,-1.496873134,-1.391882353
139,B_17865,Pieridae,Pseudopontiinae,,Pseudopontia,paradoxa,Pseudopontia paradoxa,1.5,385.74303,147.548024,147.548024,-1.280242265,-1.345321383
140,B_16710,Pieridae,Coliadinae,,Colias,eurytheme,Colias eurytheme,1,325.050502,192,192,-0.773400109,-0.886740072
141,B_16879,Pieridae,Coliadinae,,Zerene,cesonia,Zerene cesonia,1,325.050502,192,192,-0.773400109,-0.886740072
142,B_16859,Pieridae,Coliadinae,,Phoebis,sennae,Phoebis sennae,1,325.050502,192,192,-0.773400109,-0.886740072
143,B_16934,Pieridae,Dismorphiinae,,Leptidea,sinapis,Leptidea sinapis,1,325.050502,192,192,-0.773400109,-0.886740072
144,B_1193,Hesperiidae,Hesperiinae,Hesperiini,Hesperia,comma,Hesperia comma,2,431.785122,213.46856,213.46856,-0.63225935,-0.579194546
145,B_1223,Hesperiidae,Hesperiinae,Hesperiini,Hylephila,phyleus,Hylephila phyleus,2,431.785122,213.46856,213.46856,-0.63225935,-0.579194546
146,B_1327,Hesperiidae,Hesperiinae,Hesperiini,Poanes,zabulon,Poanes zabulon,2,431.785122,213.46856,213.46856,-0.63225935,-0.579194546
147,B_1017,Hesperiidae,Hesperiinae,Calpodini,Saliana,esperi,Saliana esperi,NA,NA,NA,NA,NA,NA
148,B_2190,Hesperiidae,Hesperiinae,Thymelicini,Thymelicus,sylvestris,Thymelicus sylvestris,1.5,371.961482,141.56124,141.56124,-1.577791809,-1.250123837
149,B_1564,Hesperiidae,Hesperiinae,Moncini,Cymaenes,tripunctus,Cymaenes tripunctus,NA,NA,NA,NA,NA,NA
150,B_1928,Hesperiidae,Hesperiinae,Moncini,Vettius,lafrenaye,Vettius lafrenaye,1,325.050732,95.4795,95.4795,-2.000430702,-1.639949991
151,B_1649,Hesperiidae,Hesperiinae,Moncini,Lerema,accius,Lerema accius,1,325.050732,95.4795,95.4795,-2.000430702,-1.639949991
152,B_751,Hesperiidae,Hesperiinae,Anthoptini,Anthoptus,epictetus,Anthoptus epictetus,1,325.050732,95.4795,95.4795,-2.000430702,-1.639949991
153,B_2501,Hesperiidae,Hesperiinae,incertae sedis,Megathymus,yuccae,Megathymus yuccae,1,325.050132,135.10077,135.10077,-1.582455571,-1.616411111
154,B_880,Hesperiidae,Hesperiinae,Baorini,Pelopidas,mathias,Pelopidas mathias,1,325.050732,95.4795,95.4795,-2.000430702,-1.639949991
155,B_2673,Hesperiidae,Hesperiinae,incertae sedis,Pyroneura,helena,Pyroneura helena,NA,NA,NA,NA,NA,NA
156,B_2239,Hesperiidae,Hesperiinae,incertae sedis,Ancistroides,gemmifer,Ancistroides gemmifer,1,325.050972,51.8437,51.8437,-2.303016405,-2.036770203
157,B_2031,Hesperiidae,Hesperiinae,Taractrocerini,Ocybadistes,flavovittata,Ocybadistes flavovittata,2,399.739132,149.376799,149.376799,-1.153918631,-1.171826712
158,B_2439,Hesperiidae,Hesperiinae,incertae sedis,Kedestes,callicles,Kedestes callicles,1,325.050732,95.4795,95.4795,-2.000430702,-1.639949991
159,B_2281,Hesperiidae,Hesperiinae,incertae sedis,Astictopterus,punctulata,Astictopterus punctulata,2,431.785122,213.46856,213.46856,-0.700845279,-0.543394652
160,B_2475,Hesperiidae,Hesperiinae,incertae sedis,Leona,luehderi,Leona luehderi,NA,NA,NA,NA,NA,NA
161,B_2203,Hesperiidae,Hesperiinae,incertae sedis,Acleros,mackenii,Acleros mackenii,1,325.050502,192,192,-0.773400109,-0.886740072
162,B_2559,Hesperiidae,Hesperiinae,incertae sedis,Osmodes,thora,Osmodes thora,1,325.050952,54.2995,54.2995,-2.85844189,-4.234056668
163,,Hesperiidae,Hesperiinae,incertae sedis,Lepella,lepeletier,Lepella lepeletier,2,431.785142,213.46848,213.46848,-0.581284411,-0.607744219
164,B_679,Hesperiidae,Hesperiinae,Aeromachini,Halpe,porus,Halpe porus,1,325.050732,95.4795,95.4795,-2.000430702,-1.639949991
165,B_4318,Hesperiidae,Trapezitinae,,Trapezites,petalia,Trapezites petalia,1,325.050132,135.10077,135.10077,-1.582455571,-1.616411111
166,B_2974,Hesperiidae,Heteropterinae,,Piruna,pirus,Piruna pirus,1,325.050732,95.4795,95.4795,-2.000430702,-1.639949991
167,B_2927,Hesperiidae,Heteropterinae,,Heteropterus,morpheus,Heteropterus morpheus,2,418.872232,187.64298,187.64298,-1.155152917,-0.860297683
168,B_2984,Hesperiidae,Pyrginae,Achlyodini,Achlyodes,busirus,Achlyodes busirus,1,325.050502,99.499,99.499,-3.401095768,-1.627869293
169,B_3268,Hesperiidae,Pyrginae,Carcharodini,Spialia,dromus,Spialia dromus,1,325.050352,87.3223,87.3223,-2.053141496,-1.935153911
170,B_3845,Hesperiidae,Pyrginae,Pyrgini,Pyrgus,communis,Pyrgus communis,1,325.050645,76.7222,76.7222,-2.394140677,-1.80105635
171,B_3653,Hesperiidae,Pyrginae,Erynnini,Erynnis,tristis,Erynnis tristis,1,325.050552,142,142,-1.192269368,-1.440412843
172,B_4000,Hesperiidae,Pyrginae,Pyrrhopygini,Passova,gellias,Passova gellias,1,325.050687,102.1548,102.1548,-1.947204302,-1.635136076
173,B_3379,Hesperiidae,Pyrginae,Celaenorrhinini,Apallaga,galenus,Apallaga galenus,1,325.050502,192,192,-0.773400109,-0.886740072
174,B_4243,Hesperiidae,Pyrginae,Tagiadini,Tagiades,trebellius,Tagiades trebellius,1,325.050502,192,192,-0.773400109,-0.886740072
175,B_334,Hesperiidae,Eudaminae,,Epargyreus,clarus,Epargyreus clarus,1.5,378.421132,202.741545,202.741545,-0.669014316,-0.75902016
176,B_580,Hesperiidae,Eudamiinae,,Urbanus,proteus,Urbanus proteus,2,454.796967,259.49293,259.49293,-0.247684618,-0.1876242
177,B_602,Hesperiidae,Euschemoninae,,Euschemon,rafflesia,Euschemon rafflesia,1,325.050763,126.5599,126.5599,-1.590601811,-1.430985188
178,B_77,Hesperiidae,Coeliadinae,,Coeliades,forestan,Coeliades forestan,4.5,718.600331,235.148365,227.3266537,-0.586441576,-0.396195395
179,B_15,Hedylidae,,,Macrosoma,hyacinthina,Macrosoma hyacinthina,1,325.050645,76.7222,76.7222,-2.394140677,-1.80105635
180,B_33,Hedylidae,,,Macrosoma,stabilinota,Macrosoma stabilinota,1,325.050645,76.7222,76.7222,-2.394140677,-1.80105635
181,B_21,Hedylidae,,,Macrosoma,leucoplethes,Macrosoma leucoplethes,1,325.050645,76.7222,76.7222,-2.394140677,-1.80105635
182,B_16567,Papilionidae,Papilioninae,Troidini,Troides,helena,Troides helena,1,325.05077,176.8466,176.8466,-1.152867074,-1.345817193
183,B_16542,Papilionidae,Papilioninae,Troidini,Parides,photinus,Parides photinus,1,325.05077,176.8466,176.8466,-1.152867074,-1.345817193
184,B_16503,Papilionidae,Papilioninae,Troidini,Pachliopta,aristolochiae,Pachliopta aristolochiae,1,325.05077,176.8466,176.8466,-1.152867074,-1.345817193
185,B_16494,Papilionidae,Papilioninae,Troidini,Battus,philenor,Battus philenor,1,325.05077,176.8466,176.8466,-1.152867074,-1.345817193
186,B_16419,Papilionidae,Papilioninae,Papilionini,Papilio,xuthus,Papilio xuthus,1,325.050763,169.1905,169.1905,-1.018220449,-1.042107971
187,B_16311,Papilionidae,Papilioninae,Papilionini,Papilio,deiphobus,Papilio deiphobus,1,325.050763,169.1905,169.1905,-1.018220449,-1.042107971
188,B_16434,Papilionidae,Papilioninae,Papilionini,Pterourus,glaucus,Pterourus glaucus,1,325.050763,169.1905,169.1905,-1.018220449,-1.042107971
189,B_16453,Papilionidae,Papilioninae,Teinopalpini,Teinopalpus,imperialis,Teinopalpus imperialis,3,596.721405,271.7222633,271.6194327,0.006721476,0.377108625
190,B_16592,Papilionidae,Parnassiinae,Luehdorfiini,Luehdorfia,japonica,Luehdorfia japonica,1,325.05077,176.8466,176.8466,-1.152867074,-1.345817193
191,B_16655,Papilionidae,Parnassinae,Zerynthiini,Zerynthia,cerisyi,Zerynthia cerisyi,1,325.05077,176.8466,176.8466,-1.152867074,-1.345817193
192,B_16599,Papilionidae,Parnassiinae,Parnassiini,Parnassius,apollo,Parnassius apollo,1,325.051262,119.0588,119.0588,-1.814390642,-1.762400846
193,B_16091,Papilionidae,Papilioninae,Leptocircini,Eurytides,marcellus,Eurytides marcellus,3,569.343092,253.4700013,235.1150007,-0.287273341,-0.315417732
194,B_16103,Papilionidae,Papilioninae,Leptocircini,Graphium,agamemnon,Graphium agamemnon,3,569.343092,253.4700013,235.1150007,-0.287273341,-0.315417732
195,B_16077,Papilionidae,Baroniinae,,Baronia,brevicornis,Baronia brevicornis,1,325.050502,192,192,-0.773400109,-0.886740072