Phy_ID,sp_ID,Family,Subfamily,Tribe,Genus valid_imaged,Species valid_imaged,Scientific name valid_imaged,Number_of_host_families,PD,MPD,MNTD,DSI_MPD,DSI_MNTD,host_families
1,B_14352,Nymphalidae,Satyrinae,Satyrini,Euptychia,mollina,Euptychia mollina,1,325.050732,95.4795,95.4795,-2.000430702,-1.639949991,Poaceae
2,B_15867,Nymphalidae,Satyrinae,Satyrini,Taygetis,virgilia,Taygetis virgilia,1,325.050732,95.4795,95.4795,-2.000430702,-1.639949991,Poaceae
3,B_14117,Nymphalidae,Satyrinae,Satyrini,Corades,medeba,Corades medeba,1,325.050732,95.4795,95.4795,-2.000430702,-1.639949991,Poaceae
4,B_14959,Nymphalidae,Satyrinae,Satyrini,Manerebia,cyclopina,Manerebia cyclopina,1,325.050732,95.4795,95.4795,-2.000430702,-1.639949991,Poaceae
5,B_13970,Nymphalidae,Satyrinae,Satyrini,Calisto,obscura,Calisto obscura,1,325.050732,95.4795,95.4795,-2.000430702,-1.639949991,Poaceae
6,B_15919,Nymphalidae,Satyrinae,Satyrini,Ypthima,baldus,Ypthima baldus,1,325.050732,95.4795,95.4795,-2.000430702,-1.639949991,Poaceae
7,B_14235,Nymphalidae,Satyrinae,Satyrini,Erebia,ligea,Erebia ligea,1,325.050732,95.4795,95.4795,-2.000430702,-1.639949991,Poaceae
8,B_14994,Nymphalidae,Satyrinae,Satyrini,Maniola,jurtina,Maniola jurtina,1,325.050732,95.4795,95.4795,-2.000430702,-1.639949991,Poaceae
9,B_15011,Nymphalidae,Satyrinae,Satyrini,Melanargia,galathea,Melanargia galathea,1,325.050732,95.4795,95.4795,-2.000430702,-1.639949991,Poaceae
10,B_15729,Nymphalidae,Satyrinae,Satyrini,Satyrus,ferula,Satyrus ferula,1,325.050732,95.4795,95.4795,-2.000430702,-1.639949991,Poaceae
11,B_15265,Nymphalidae,Satyrinae,Satyrini,Oressinoma,typhla,Oressinoma typhla,1,325.050732,95.4795,95.4795,-2.000430702,-1.639949991,Poaceae
12,B_14096,Nymphalidae,Satyrinae,Satyrini,Coenonympha,tullia,Coenonympha tullia,1,325.050732,95.4795,95.4795,-2.000430702,-1.639949991,Poaceae
13,B_14759,Nymphalidae,Satyrinae,Satyrini,Lethe,mekara,Lethe mekara,1,325.050732,95.4795,95.4795,-2.000430702,-1.639949991,Poaceae
14,B_15331,Nymphalidae,Satyrinae,Satyrini,Pararge,aegeria,Pararge aegeria,1,325.050732,95.4795,95.4795,-2.000430702,-1.639949991,Poaceae
15,B_13840,Nymphalidae,Satyrinae,Satyrini,Bicyclus,denina,Bicyclus denina,1,325.050732,95.4795,95.4795,-2.000430702,-1.639949991,Poaceae
16,B_15267,Nymphalidae,Satyrinae,Satyrini,Orsotriaena,medus,Orsotriaena medus,1,325.050732,95.4795,95.4795,-2.000430702,-1.639949991,Poaceae
17,B_15702,Nymphalidae,Satyrinae,Satyrini,Ragadia,makuta,Ragadia makuta,1,325.050732,95.4795,95.4795,-2.000430702,-1.639949991,Poaceae
18,B_13596,Nymphalidae,Satyrinae,Dirini,Aeropetes,tulbaghia,Aeropetes tulbaghia,2,418.872232,187.64298,187.64298,-1.155152917,-0.860297683,Cyperaceae Poaceae
19,B_13726,Nymphalidae,Satyrinae,Melanitini,Melanitis,leda,Melanitis leda,2,418.872232,187.64298,187.64298,-1.155152917,-0.860297683,Cyperaceae Poaceae
20,B_19431,Nymphalidae,Satyrinae,Amathusiini,Morphopsis,albertisi,Morphopsis albertisi,1,325.050972,51.8437,51.8437,-2.303016405,-2.036770203,Zingiberaceae
21,B_13646,Nymphalidae,Satyrinae,Elymniini,Elymnias,hypermnestra,Elymnias hypermnestra,1,325.050732,95.4795,95.4795,-2.000430702,-1.639949991,Poaceae
22,B_12927,Nymphalidae,Satyrinae,Amathusiini,Zeuxidia,doubledaii,Zeuxidia doubledaii,1,325.050972,51.8437,51.8437,-2.303016405,-2.036770203,Zingiberaceae
23,B_13696,Nymphalidae,Satyrinae,Haeterini,Haetera,piera,Haetera piera,1,325.050282,99.1432,99.1432,-2.08219519,-1.62615957,Arecaceae
24,B_13057,Nymphalidae,Satyrinae,Morphini,Morpho,helenor,Morpho helenor,6,860.515947,223.0226173,207.8705398,-0.917543721,-0.898590093,Fabaceae Bignoniaceae Dichapetalaceae Euphorbiaceae Malpighiaceae Ochnaceae
25,B_12945,Nymphalidae,Satyrinae,Brassolini,Brassolis,sophorae,Brassolis sophorae,1,325.050282,99.1432,99.1432,-2.08219519,-1.62615957,Arecaceae
26,B_10464,Nymphalidae,Charaxinae,Prothoini,Prothoe,franckii,Prothoe franckii,1,325.05054,142.4068,142.4068,-1.222403248,-1.594470017,Annonaceae
27,B_10231,Nymphalidae,Charaxinae,Charaxini,Charaxes,brutus,Charaxes brutus,3,523.245732,207.26412,189.1250433,-0.78323401,-1.401535075,Fabaceae Cannabaceae Rhamnaceae
28,B_10434,Nymphalidae,Charaxinae,Pallaini,Palla,ussheri,Palla ussheri,3,567.363839,243.7468787,240.1669363,-0.371596422,-0.139384881,Dichapetalaceae Rutaceae Convolvulaceae
29,B_10452,Nymphalidae,Charaxinae,Preponini,Prepona,dexamenus,Prepona dexamenus,2 1 3,427.658378 325.050657 559.415779,205.215547 67.3231 235.2961913,205.215547 67.3231 233.4340507,-3.218452989,-3.652100568,Ochnaceae Passifloraceae Chrysobalanaceae Fabaceae Chrysobalanaceae Sapindaceae
30,,Nymphalidae,Charaxinae,Anaeomorphini,Anaeomorpha,splendida,Anaeomorpha splendida,NA,NA,NA,NA,NA,NA,NA
31,B_10097,Nymphalidae,Charaxinae,Anaeini,Consul,electra,Consul electra,1 2,325.050658 440.836878,125.2141 231.571646,125.2141 231.571646,-1.868622433,-1.772504199,Salicaceae Salicaceae Rhamnaceae
32,B_10081,Nymphalidae,Calinaginae,0,Calinaga,buddha,Calinaga buddha,NA,NA,NA,NA,NA,NA,NA
33,B_13153,Nymphalidae,Nymphalinae,Kallimini,Junonia,natalica,Junonia natalica,1,325.049922,69.4758,69.4758,-1.866533435,-4.04570489,Acanthaceae
34,B_13088,Nymphalidae,Nymphalinae,Kallimini,Anartia,fatima,Anartia fatima,1,325.049922,69.4758,69.4758,-1.866533435,-4.04570489,Acanthaceae
35,B_13371,Nymphalidae,Nymphalinae,Melitaeini,Melitaea,didyma,Melitaea didyma,2,431.791422,208.31719,208.31719,-0.648312539,-0.697522848,Asteraceae Acanthaceae
36,B_13172,Nymphalidae,Nymphalinae,Kallimini,Kallima,inachus,Kallima inachus,1,325.049922,69.4758,69.4758,-1.866533435,-4.04570489,Acanthaceae
37,B_13522,Nymphalidae,Nymphalinae,Nymphalini,Nymphalis,xanthomelas,Nymphalis xanthomelas,2 5 1,398.519362 664.781415 325.050262,146.93824 185.4559052 93.3981,146.93824 163.2975306 93.3981,-4.512014644,-5.044619743,Cannabaceae Urticaceae Malvaceae Cannabaceae Moraceae Ulmaceae Urticaceae Urticaceae
38,B_13082,Nymphalidae,Nymphalinae,Coeini,Pycina,zamba,Pycina zamba,2,443.629315,237.158323,237.158323,-0.337902802,-0.323132869,Malvaceae Urticaceae
39,B_13081,Nymphalidae,Nymphalinae,Coeini,Historis,odius,Historis odius,2,443.629315,237.158323,237.158323,-0.337902802,-0.323132869,Malvaceae Urticaceae
40,B_10489,Nymphalidae,Cyrestinae,0,Cyrestis,nivea,Cyrestis nivea,NA,NA,NA,NA,NA,NA,NA
41,B_9903,Nymphalidae,Biblidinae,Biblidini,Epiphile,adrasta,Epiphile adrasta,1,325.050651,123.7924,123.7924,-1.620257173,-1.539543392,Euphorbiaceae
42,B_9844,Nymphalidae,Biblidinae,Biblidini,Diaethria,anna,Diaethria anna,1,325.050651,123.7924,123.7924,-1.620257173,-1.539543392,Euphorbiaceae
43,B_10003,Nymphalidae,Biblidinae,Biblidini,Nessaea,aglaura,Nessaea aglaura,1,325.050651,123.7924,123.7924,-1.620257173,-1.539543392,Euphorbiaceae
44,B_10011,Nymphalidae,Biblidinae,Biblidini,Panacea,procilla,Panacea procilla,1,325.050651,123.7924,123.7924,-1.620257173,-1.539543392,Euphorbiaceae
45,B_9888,Nymphalidae,Biblidinae,Biblidini,Dynamine,postverta,Dynamine postverta,1,325.050651,123.7924,123.7924,-1.620257173,-1.539543392,Euphorbiaceae
46,B_9803,Nymphalidae,Biblidinae,Biblidini,Biblis,hyperia,Biblis hyperia,1,325.050651,123.7924,123.7924,-1.620257173,-1.539543392,Euphorbiaceae
47,B_9715,Nymphalidae,Apaturinae,0,Doxocopa,agathina,Doxocopa agathina,NA,NA,NA,NA,NA,NA,NA
48,B_13590,Nymphalidae,Pseudergolinae,0,Dichorragia,nesimachus,Dichorragia nesimachus,NA,NA,NA,NA,NA,NA,NA
49,B_11843,Nymphalidae,Limenitidinae,Limenitidini,Bebearia,sophus,Bebearia sophus,1,325.050658,125.2141,125.2141,-1.523911704,-1.390436614,Salicaceae
50,B_11940,Nymphalidae,Limenitidinae,Limenitidini,Euphaedra,acuta,Euphaedra acuta,1,325.050658,125.2141,125.2141,-1.523911704,-1.390436614,Salicaceae
51,B_12459,Nymphalidae,Limenitidinae,Limenitidini,Limenitis,arthemis,Limenitis arthemis,1,325.050658,125.2141,125.2141,-1.523911704,-1.390436614,Salicaceae
52,B_11913,Nymphalidae,Limenitidinae,Limenitidini,Cymothoe,lurida,Cymothoe lurida,1,325.050658,125.2141,125.2141,-1.523911704,-1.390436614,Salicaceae
53,B_12728,Nymphalidae,Limenitidinae,Neptini,Neptis,nata,Neptis nata,4,672.11746,233.3367207,229.8837345,-0.64051064,-0.376033933,Fabaceae Hypericaceae Malvaceae Rhamnaceae
54,B_12807,Nymphalidae,Limenitidinae,Parthenini,Parthenos,sylvia,Parthenos sylvia,3,572.517768,252.7655907,242.1686973,-0.276637611,-0.017921127,Cucurbitaceae Passifloraceae Menispermaceae
55,B_10980,Nymphalidae,Heliconiinae,Acraeini,Cethosia,cyane,Cethosia cyane,1 2,325.050658 448.785258,116.5963 247.469446,116.5963 247.469446,-1.816160139,-2.284223377,Passifloraceae Apocynaceae Passifloraceae
56,B_10974,Nymphalidae,Heliconiinae,Acraeini,Altinote,ozomene,Altinote ozomene,1 2,325.050658 448.785258,116.5963 247.469446,116.5963 247.469446,-1.816160139,-2.284223377,Passifloraceae Apocynaceae Passifloraceae
57,B_11155,Nymphalidae,Heliconiinae,Heliconiini,Heliconius,melpomene,Heliconius melpomene,1,325.050658,116.5963,116.5963,-1.520294168,-2.131608446,Passifloraceae
58,B_11237,Nymphalidae,Heliconiinae,Vagrantini,Vagrans,egista,Vagrans egista,1,325.050658,116.5963,116.5963,-1.520294168,-2.131608446,Passifloraceae
59,B_11238,Nymphalidae,Heliconiinae,Vagrantini,Vindula,arsinoe,Vindula arsinoe,1,325.050658,116.5963,116.5963,-1.520294168,-2.131608446,Passifloraceae
60,B_11080,Nymphalidae,Heliconiinae,Argynnini,Brenthis,daphne,Brenthis daphne,1,325.050678,141.2676,141.2676,-1.243272263,-1.554566676,Violaceae
61,B_11413,Nymphalidae,Danainae,Ithomiini,Ithomia,patilla,Ithomia patilla,1,325.050802,79.32,79.32,-2.326553541,-1.864410225,Solanaceae
62,B_11447,Nymphalidae,Danainae,Mechanitini,Thyridia,psidii,Thyridia psidii,NA,NA,NA,NA,NA,NA,NA
63,B_16076,Nymphalidae,Danainae,Tellervini,Tellervo,zoilus,Tellervo zoilus,1 3,325.050552 528.691122,61.789 226.3688347,61.789 180.9123107,-2.615614816,-3.363246756,Apocynaceae Apocynaceae Rubiaceae Aristolochiaceae
64,B_10629,Nymphalidae,Danainae,Danaini,Ideopsis,vitrea,Ideopsis vitrea,2,448.785102,247.46919,247.46919,-0.429240221,-0.279816465,Fabaceae Apocynaceae
65,B_10544,Nymphalidae,Danainae,Danaini,Danaus,melanippus,Danaus melanippus,2,448.785102,247.46919,247.46919,-0.429240221,-0.279816465,Fabaceae Apocynaceae
66,B_11590,Nymphalidae,Libytheinae,0,Libythea,celtis,Libythea celtis,NA,NA,NA,NA,NA,NA,NA
67,B_5839,Lycaenidae,Polyommatinae,Polyommatini,Polyommatus,icarus,Polyommatus icarus,6,711.938111,194.8560758,149.9510313,-1.375642195,-2.844380376,Fabaceae Acanthaceae Lamiaceae Linderniaceae Verbenaceae Acanthaceae Oxalidaceae
68,B_5214,Lycaenidae,Polyommatinae,Polyommatini,Hemiargus,hanno,Hemiargus hanno,6,711.938111,194.8560758,149.9510313,-1.375642195,-2.844380376,Fabaceae Acanthaceae Lamiaceae Linderniaceae Verbenaceae Acanthaceae Oxalidaceae
69,B_5444,Lycaenidae,Polyommatinae,Polyommatini,Lepidochrysops,patricia,Lepidochrysops patricia,6,711.938111,194.8560758,149.9510313,-1.375642195,-2.844380376,Fabaceae Acanthaceae Lamiaceae Linderniaceae Verbenaceae Acanthaceae Oxalidaceae
70,B_4865,Lycaenidae,Polyommatinae,Niphandini,Niphanda,fusca,Niphanda fusca,,,,,,,Aphididae Psyllidae Formicidae
71,B_4705,Lycaenidae,Polyommatinae,Lycaenesthini,Anthene,emolus,Anthene emolus,1 1,325.050502 325.050562,192 105.77,192 105.77,-2.726534421,-3.613184081,Fabaceae Gesneriaceae
72,B_5080,Lycaenidae,Polyommatinae,Polyommatini,Cupidopsis,cissus,Cupidopsis cissus,6,711.938111,194.8560758,149.9510313,-1.375642195,-2.844380376,Fabaceae Acanthaceae Lamiaceae Linderniaceae Verbenaceae Acanthaceae Oxalidaceae
73,B_9447,Lycaenidae,Theclinae,Oxylidini,Oxylides,faunus,Oxylides faunus,NA,NA,NA,NA,NA,NA,NA
74,B_8927,Lycaenidae,Theclinae,Hypolycaenini,Hemiolaus,caeculus,Hemiolaus caeculus,2,448.785612,247.46938,247.46938,-0.274025606,-0.187249916,Aizoaceae Crassulaceae
75,B_9462,Lycaenidae,Theclinae,Remelanini,Remelana,jangala,Remelana jangala,10,1279.594475,234.2938799,195.7055495,-0.918731887,-0.894872051,Ericaceae Pentaphylacaceae Primulaceae Rubiaceae Verbenaceae Hypericaceae Phyllanthaceae Malvaceae Combretaceae Sapindaceae
76,B_8977,Lycaenidae,Theclinae,Hypolycaenini,Hypolycaena,phorbas,Hypolycaena phorbas,2,448.785612,247.46938,247.46938,-0.274025606,-0.187249916,Aizoaceae Crassulaceae
77,B_7565,Lycaenidae,Theclinae,Cheritrini,Drupadia,ravindra,Drupadia ravindra,5,796.083916,241.6570002,230.407245,-0.536840331,-0.069615119,Lecythidaceae Fabaceae Rubiaceae Myrtaceae Sapindaceae
78,B_8918,Lycaenidae,Theclinae,Horagini,Horaga,onyx,Horaga onyx,15,1791.324281,238.2769751,196.4488872,-0.924053372,-0.666983664,Lecythidaceae Styracaceae Rubiaceae Annonaceae Euphorbiaceae Ochnaceae Phyllanthaceae Picrodendraceae Putranjivaceae Dipterocarpaceae Myrtaceae Loranthaceae Anacardiaceae Sapindaceae Simaroubaceae
79,B_9255,Lycaenidae,Theclinae,Loxurini,Loxura,atymnus,Loxura atymnus,1,325.049505,87.6679,87.6679,-2.205113045,-1.97275177,Anacardiaceae
80,B_6943,Lycaenidae,Theclinae,Amblypodiini,Iraota,timoleon,Iraota timoleon,1,325.050862,84.9278,84.9278,-1.656879167,-2.994635875,Moraceae
81,B_9150,Lycaenidae,Theclinae,Iolaini,Iolaus,sidus,Iolaus sidus,1,325.050922,94.848,94.848,-1.731836803,-1.637203363,Loranthaceae
82,B_6937,Lycaenidae,Theclinae,Amblypodiini,Amblypodia,narada,Amblypodia narada,1,325.050862,84.9278,84.9278,-1.656879167,-2.994635875,Moraceae
83,B_7553,Lycaenidae,Theclinae,Cheritrini,Dapidodigma,hymen,Dapidodigma hymen,5,796.083916,241.6570002,230.407245,-0.536840331,-0.069615119,Lecythidaceae Fabaceae Rubiaceae Myrtaceae Sapindaceae
84,B_9686,Lycaenidae,Theclinae,Zesiusini,Zesius,chrysomallus,Zesius chrysomallus,8,1136.183904,244.5388986,223.2146318,-0.571010157,-0.110800067,Fabaceae Smilacaceae Malvaceae Combretaceae Myrtaceae Oxalidaceae Loranthaceae Anacardiaceae
85,B_7542,Lycaenidae,Theclinae,Catapaecilmatini,Catapaecilma,major,Catapaecilma major,2 8,443.629365 1048.6236,237.157773 226.4569555,237.157773 192.6570028,-1.379920911,-1.715538514,Combretaceae Rhamnaceae Fagaceae Euphorbiaceae Phyllanthaceae Combretaceae Lythraceae Myrtaceae Cannabaceae Rhamnaceae
86,B_7619,Lycaenidae,Theclinae,Deudorigini,Deudorix,epijarbas,Deudorix epijarbas,2,460.809285,271.517133,271.517133,-0.073078854,0.020132987,Pandaceae Pandanaceae
87,B_9246,Lycaenidae,Theclinae,Loxurini,Drina,cowani,Drina cowani,1,325.049505,87.6679,87.6679,-2.205113045,-1.97275177,Anacardiaceae
88,B_8180,Lycaenidae,Theclinae,Eumaeini,Eumaeus,atala,Eumaeus atala,2,460.809755,271.517133,271.517133,0.044189294,0.027532103,Malvaceae Bromeliaceae
89,B_5444,Lycaenidae,Polyommatinae,Polyommatini,Lepidochrysops,patricia,Lepidochrysops patricia,6,711.938111,194.8560758,149.9510313,-1.375642195,-2.844380376,Fabaceae Acanthaceae Lamiaceae Linderniaceae Verbenaceae Acanthaceae Oxalidaceae
90,B_9664,Lycaenidae,Theclinae,Tomarini,Tomares,ballus,Tomares ballus,1,325.050502,192,192,-0.773400109,-0.886740072,Fabaceae
91,B_9473,Lycaenidae,Theclinae,Theclini,Artopoetes,pryeri,Artopoetes pryeri,1,325.050512,80.4628,80.4628,-2.057024672,-2.90510324,Fagaceae
92,B_7518,Lycaenidae,Theclinae,Arhopalini,Semanga,superba,Semanga superba,1,325.050502,192,192,-0.773400109,-0.886740072,Fabaceae
93,B_7516,Lycaenidae,Theclinae,Arhopalini,Neomyrina,nivea,Neomyrina nivea,1,325.050502,192,192,-0.773400109,-0.886740072,Fabaceae
94,B_7418,Lycaenidae,Theclinae,Arhopalini,Arhopala,micale,Arhopala micale,1,325.050502,192,192,-0.773400109,-0.886740072,Fabaceae
95,B_9431,Lycaenidae,Theclinae,Ogyrini,Ogyris,amaryllis,Ogyris amaryllis,1,325.050922,94.848,94.848,-1.731836803,-1.637203363,Loranthaceae
96,B_9343,Lycaenidae,Theclinae,Luciini,Lucia,limbaria,Lucia limbaria,4,631.815428,239.3387647,195.601102,-0.451928495,-1.397186975,Lamiaceae Verbenaceae Smilacaceae Sapindaceae
97,B_4662,Lycaenidae,Theclinae,Candalidini,Candalides,geminus,Candalides geminus,1 1,325.050705 325.049924,60.1216 118,60.1216 118,-3.927433245,-5.961608254,Thymelaeaceae Rutaceae
98,B_9679,Lycaenidae,Theclinae,Zesiusini,Jalmenus,evagoras,Jalmenus evagoras,8,1136.183904,244.5388986,223.2146318,-0.571010157,-0.110800067,Fabaceae Smilacaceae Malvaceae Combretaceae Myrtaceae Oxalidaceae Loranthaceae Anacardiaceae
99,B_9685,Lycaenidae,Theclinae,Zesiusini,Pseudalmenus,chlorinda,Pseudalmenus chlorinda,8,1136.183904,244.5388986,223.2146318,-0.571010157,-0.110800067,Fabaceae Smilacaceae Malvaceae Combretaceae Myrtaceae Oxalidaceae Loranthaceae Anacardiaceae
100,B_4412,Lycaenidae,Lycaeninae,0,Lycaena,helloides,Lycaena helloides,NA,NA,NA,NA,NA,NA,NA
101,B_4642,Lycaenidae,Miletinae,Spalgini,Spalgis,epeus,Spalgis epeus,,,,,,,Coccidae Pseudococcidae Coccidae Pseudococcidae
102,B_4648,Lycaenidae,Miletinae,Tarakini,Taraka,hamada,Taraka hamada,,,,,,,Aphididae Hormaphididae
103,B_4596,Lycaenidae,Miletinae,Miletini,Allotinus,unicolor,Allotinus unicolor,,,,,,,Coccidae Formicidae
104,B_4474,Lycaenidae,Miletinae,Lachnocnemini,Lachnocnema,durbani,Lachnocnema durbani,,,,,,,Coccidae Hemiptera Formicidae
105,B_4558,Lycaenidae,Liphyrinae,0,Liphyra,brassolis,Liphyra brassolis,NA,NA,NA,NA,NA,NA,NA
106,B_6825,Lycaenidae,Lipteninae,Pentilini,Pentila,pauli,Pentila pauli,,,,,,,leaf litter lichen
107,B_6534,Lycaenidae,Lipteninae,Liptenini,Liptena,rochei,Liptena rochei,,,,,,,lichen
108,B_6423,Lycaenidae,Lipteninae,Liptenini,Hewitsonia,boisduvalii,Hewitsonia boisduvalii,,,,,,,lichen
109,B_6905,Lycaenidae,Poritiinae,Poritiini,Poritia,erycinoides,Poritia erycinoides,1,325.050645,76.7222,76.7222,-2.394140677,-1.80105635,Malvaceae
110,B_7152,Lycaenidae,Aphnaeinae,Aphnaeini,Cigaritis,lohita,Cigaritis lohita,NA,NA,NA,NA,NA,NA,NA
111,B_4341,Lycaenidae,Curetinae,0,Curetis,tagalica,Curetis tagalica,NA,NA,NA,NA,NA,NA,NA
112,B_18829,Riodinidae,Riodininae,Riodinini,Baeotis,zonata,Baeotis zonata,1,325.050502,192,192,-0.773400109,-0.886740072,Fabaceae
113,B_19068,Riodinidae,Riodininae,Riodinini,Riodina,lysippus,Riodina lysippus,1,325.050502,192,192,-0.773400109,-0.886740072,Fabaceae
114,B_18242,Riodinidae,Riodininae,Helicopini,Sarota,gamelia,Sarota gamelia,5,808.030247,248.7323168,238.2723574,-0.443259,-0.105540557,Fabaceae Lauraceae Euphorbiaceae Myrtaceae Cannabaceae
115,B_18228,Riodinidae,Riodininae,Helicopini,Helicopis,cupido,Helicopis cupido,5,808.030247,248.7323168,238.2723574,-0.443259,-0.105540557,Fabaceae Lauraceae Euphorbiaceae Myrtaceae Cannabaceae
116,B_19143,Riodinidae,Riodininae,Symmachiini,Mesene,phareus,Mesene phareus,4,680.066015,240.3545748,233.8584608,-0.47018203,-0.319054349,Clethraceae Fabaceae Malvaceae Cannabaceae
117,B_19262,Riodinidae,Riodininae,Emesidini,Apodemia,hypoglauca,Apodemia hypoglauca,2 7 1 22 1 2 1 2,437.752372 1001.483973 325.050302 2572.460746 325.050792 456.731602 325.050792 437.752012,225.40342 239.2889737 112.1598 242.9622261 132.124 263.36213 132.124 225.40311,225.40342 219.7422599 112.1598 205.8806574 132.124 263.36213 132.124 225.40311,-8.489158979,-0.542165365 -0.196722137 -2.009554456 0.341258915 -1.62369963 0.620764097 -1.62369963 -0.491699937,Fabaceae Cannabaceae Fabaceae Clusiaceae Phyllanthaceae Salicaceae Myrtaceae Piperaceae Simaroubaceae Nyctaginaceae Araliaceae Polygonaceae Clethraceae Fabaceae Fagaceae Lauraceae Annonaceae Euphorbiaceae Hypericaceae Malpighiaceae Phyllanthaceae Salicaceae Malvaceae Combretaceae Myrtaceae Proteaceae Cannabaceae Anacardiaceae Meliaceae Rutaceae Sapindaceae Boraginaceae Ranunculaceae Nyctaginaceae Ranunculaceae Ranunculaceae Fabaceae Fagaceae
118,B_18769,Riodinidae,Riodininae,Nymphidiini,Theope,virgilius,Theope virgilius,1 1,325.050651 325.050502,123.7924 192,123.7924 192,-2.393657282,-2.426283464,Euphorbiaceae Fabaceae
119,B_18607,Riodinidae,Riodininae,Nymphidiini,Nymphidium,onaeum,Nymphidium onaeum,1 1,325.050651 325.050502,123.7924 192,123.7924 192,-2.393657282,-2.426283464,Euphorbiaceae Fabaceae
120,B_19090,Riodinidae,Riodininae,Stalachtini,Stalachtis,euterpe,Stalachtis euterpe,NA,NA,NA,NA,NA,NA,NA
121,B_19331,Riodinidae,Riodininae,Calydnini,Calydna,nicolayi,Calydna nicolayi,1,325.050922,90.7909,90.7909,-1.802280792,-1.881276255,Schoepfiaceae
122,,Riodinidae,Riodininae,Dianesiini,Dianesia,carteri,Dianesia carteri,2,437.752392,225.40331,225.40331,-0.54776928,-0.490744864,Fabaceae Rosaceae
123,B_18443,Riodinidae,Riodininae,Mesosemiini,Semomesia,capanea,Semomesia capanea,NA,NA,NA,NA,NA,NA,NA
124,B_18341,Riodinidae,Riodininae,Mesosemiini,Mesosemia,lamachus,Mesosemia lamachus,NA,NA,NA,NA,NA,NA,NA
125,B_19432,Riodinidae,Riodininae,Eurybiini,Eurybia,nicaeus,Eurybia niceus,1,325.050502,99.499,99.499,-3.401095768,-1.627869293,Rubiaceae
126,B_18055,Riodinidae,Nemeobiinae,Abisarini,Abisara,echerius,Abisara echerius,NA,NA,NA,NA,NA,NA,NA
127,B_18152,Riodinidae,Nemeobiinae,Nemeobiini,Hamearis,lucina,Hamearis lucina,1,325.050484,188,188,-1.029242829,-0.831371958,Primulaceae
128,B_17931,Riodinidae,Nemeobiinae,Euselasiini,Euselasia,euromus,Euselasia euromus,3,584.696818,263.705832,255.5867947,0.02783593,-0.01735931,Rubiaceae Lauraceae Anacardiaceae
129,B_17743,Pieridae,Pierinae,Pierini,Pontia,beckerii,Pontia beckerii,5,720.074355,216.9971398,186.4528612,-0.889321106,-1.509395202,Akaniaceae Brassicaceae Tropaeolaceae Fabaceae Solanaceae
130,B_17149,Pieridae,Pierinae,Pierini,Ascia,monuste,Ascia monuste,5,720.074355,216.9971398,186.4528612,-0.889321106,-1.509395202,Akaniaceae Brassicaceae Tropaeolaceae Fabaceae Solanaceae
131,B_17691,Pieridae,Pierinae,Pierini,Neophasia,terlooii,Neophasia terlooii,5,720.074355,216.9971398,186.4528612,-0.889321106,-1.509395202,Akaniaceae Brassicaceae Tropaeolaceae Fabaceae Solanaceae
132,B_17124,Pieridae,Pierinae,Pierini,Appias,libythea,Appias libythea,5,720.074355,216.9971398,186.4528612,-0.889321106,-1.509395202,Akaniaceae Brassicaceae Tropaeolaceae Fabaceae Solanaceae
133,B_17014,Pieridae,Pierinae,Elodinini,Elodina,angulipennis,Elodina angulipennis,1,325.050465,138.5406,138.5406,-1.496873134,-1.391882353,Capparaceae
134,B_16991,Pieridae,Pierinae,Anthocharidini,Hebomoia,glaucippe,Hebomoia glaucippe,2,406.651495,163.20188,163.20188,-1.319554817,-1.052873961,Brassicaceae Tropaeolaceae
135,B_16949,Pieridae,Pierinae,Anthocharidini,Anthocharis,belia,Anthocharis belia,2,406.651495,163.20188,163.20188,-1.319554817,-1.052873961,Brassicaceae Tropaeolaceae
136,B_17052,Pieridae,Pierinae,Nepheronini,Nepheronia,pharis,Nepheronia pharis,1,325.050465,138.5406,138.5406,-1.496873134,-1.391882353,Capparaceae
137,B_17046,Pieridae,Pierinae,Leptosianini,Leptosia,nina,Leptosia nina,2,448.784785,247.469241,247.469241,-0.255545426,-0.327291437,Asteraceae Capparaceae
138,B_17817,Pieridae,Pierinae,Teracolini,Colotis,hetaera,Colotis hetaera,1,325.050465,138.5406,138.5406,-1.496873134,-1.391882353,Capparaceae
139,B_17865,Pieridae,Pseudopontiinae,0,Pseudopontia,paradoxa,Pseudopontia paradoxa,NA,NA,NA,NA,NA,NA,NA
140,B_16710,Pieridae,Coliadinae,0,Colias,eurytheme,Colias eurytheme,NA,NA,NA,NA,NA,NA,NA
141,B_16879,Pieridae,Coliadinae,0,Zerene,cesonia,Zerene cesonia,NA,NA,NA,NA,NA,NA,NA
142,B_16859,Pieridae,Coliadinae,0,Phoebis,sennae,Phoebis sennae,NA,NA,NA,NA,NA,NA,NA
143,B_16934,Pieridae,Dismorphiinae,0,Leptidea,sinapis,Leptidea sinapis,NA,NA,NA,NA,NA,NA,NA
144,B_1193,Hesperiidae,Hesperiinae,Hesperiini,Hesperia,comma,Hesperia comma,2,431.785122,213.46856,213.46856,-0.63225935,-0.579194546,Poaceae Cannaceae
145,B_1223,Hesperiidae,Hesperiinae,Hesperiini,Hylephila,phyleus,Hylephila phyleus,2,431.785122,213.46856,213.46856,-0.63225935,-0.579194546,Poaceae Cannaceae
146,B_1327,Hesperiidae,Hesperiinae,Hesperiini,Poanes,zabulon,Poanes zabulon,2,431.785122,213.46856,213.46856,-0.63225935,-0.579194546,Poaceae Cannaceae
147,B_1017,Hesperiidae,Hesperiinae,Carystini,Saliana,esperi,Saliana esperi,NA,NA,NA,NA,NA,NA,NA
148,B_2190,Hesperiidae,Hesperiinae,Thymelicini,Thymelicus,sylvestris,Thymelicus sylvestris,NA,NA,NA,NA,NA,NA,NA
149,B_1564,Hesperiidae,Hesperiinae,Moncini,Cymaenes,tripunctus,Cymaenes tripunctus,NA,NA,NA,NA,NA,NA,NA
150,B_1928,Hesperiidae,Hesperiinae,Moncini,Vettius,lafrenaye,Vettius lafrenaye,NA,NA,NA,NA,NA,NA,NA
151,B_1649,Hesperiidae,Hesperiinae,Moncini,Lerema,accius,Lerema accius,NA,NA,NA,NA,NA,NA,NA
152,B_751,Hesperiidae,Hesperiinae,Anthoptini,Anthoptus,epictetus,Anthoptus epictetus,NA,NA,NA,NA,NA,NA,NA
153,B_2501,Hesperiidae,Hesperiinae,incertae sedis,Megathymus,yuccae,Megathymus yuccae,NA,NA,NA,NA,NA,NA,NA
154,B_880,Hesperiidae,Hesperiinae,Baoridiini,Pelopidas,mathias,Pelopidas mathias,NA,NA,NA,NA,NA,NA,NA
155,B_2673,Hesperiidae,Hesperiinae,incertae sedis,Pyroneura,helena,Pyroneura helena,NA,NA,NA,NA,NA,NA,NA
156,B_2239,Hesperiidae,Hesperiinae,incertae sedis,Ancistroides,gemmifer,Ancistroides gemmifer,NA,NA,NA,NA,NA,NA,NA
157,B_2031,Hesperiidae,Hesperiinae,Taractrocerini,Ocybadistes,flavovittata,Ocybadistes flavovittata,2,399.739132,149.376799,149.376799,-1.153918631,-1.171826712,Flagellariaceae Poaceae
158,B_2439,Hesperiidae,Hesperiinae,incertae sedis,Kedestes,callicles,Kedestes callicles,NA,NA,NA,NA,NA,NA,NA
159,B_2281,Hesperiidae,Hesperiinae,incertae sedis,Astictopterus,punctulata,Astictopterus punctulata,NA,NA,NA,NA,NA,NA,NA
160,B_2475,Hesperiidae,Hesperiinae,incertae sedis,Leona,luehderi,Leona luehderi,NA,NA,NA,NA,NA,NA,NA
161,B_2203,Hesperiidae,Hesperiinae,incertae sedis,Acleros,mackenii,Acleros mackenii,NA,NA,NA,NA,NA,NA,NA
162,B_2559,Hesperiidae,Hesperiinae,incertae sedis,Osmodes,thora,Osmodes thora,NA,NA,NA,NA,NA,NA,NA
163,,Hesperiidae,Hesperiinae,incertae sedis,Lepella,lepeletier,Lepella lepeletier,NA,NA,NA,NA,NA,NA,NA
164,B_679,Hesperiidae,Hesperiinae,Aeromachini,Halpe,porus,Halpe porus,1,325.050732,95.4795,95.4795,-2.000430702,-1.639949991,Poaceae
165,B_4318,Hesperiidae,Trapezitinae,0,Trapezites,petalia,Trapezites petalia,NA,NA,NA,NA,NA,NA,NA
166,B_2974,Hesperiidae,Heteropterinae,0,Piruna,pirus,Piruna pirus,NA,NA,NA,NA,NA,NA,NA
167,B_2927,Hesperiidae,Heteropterinae,0,Heteropterus,morpheus,Heteropterus morpheus,NA,NA,NA,NA,NA,NA,NA
168,B_2984,Hesperiidae,Pyrginae,Achlyodini,Achlyodes,busirus,Achlyodes busirus,1,325.050502,99.499,99.499,-3.401095768,-1.627869293,Rubiaceae
169,B_3268,Hesperiidae,Pyrginae,Carcharodini,Spialia,dromus,Spialia dromus,1 1,325.050352 325.050352,87.3223 87.3223,87.3223 87.3223,-4.106282992,-3.870307822,Amaranthaceae Amaranthaceae
170,B_3845,Hesperiidae,Pyrginae,Pyrgini,Pyrgus,communis,Pyrgus communis,1,325.050645,76.7222,76.7222,-2.394140677,-1.80105635,Malvaceae
171,B_3653,Hesperiidae,Pyrginae,Erynnini,Erynnis,tristis,Erynnis tristis,1,325.050552,142,142,-1.192269368,-1.440412843,Lamiaceae
172,B_4000,Hesperiidae,Pyrginae,Pyrrhopygini,Passova,gellias,Passova gellias,1,325.050687,102.1548,102.1548,-1.947204302,-1.635136076,Clusiaceae
173,B_3379,Hesperiidae,Pyrginae,Celaenorrhinini,Apallaga,galenus,Apallaga galenus,1,325.050502,192,192,-0.773400109,-0.886740072,Fabaceae
174,B_4243,Hesperiidae,Pyrginae,Tagiadini,Tagiades,trebellius,Tagiades trebellius,1,325.050502,192,192,-0.773400109,-0.886740072,Fabaceae
175,B_334,Hesperiidae,Eudaminae,0,Epargyreus,clarus,Epargyreus clarus,NA,NA,NA,NA,NA,NA,NA
176,B_580,Hesperiidae,Eudamiinae,0,Urbanus,proteus,Urbanus proteus,NA,NA,NA,NA,NA,NA,NA
177,B_602,Hesperiidae,Euschemoninae,0,Euschemon,rafflesia,Euschemon rafflesia,NA,NA,NA,NA,NA,NA,NA
178,B_77,Hesperiidae,Coeliadinae,0,Coeliades,forestan,Coeliades forestan,NA,NA,NA,NA,NA,NA,NA
179,B_15,Hedylidae,,0,Macrosoma,hyacinthina,Macrosoma hyacinthina,NA,NA,NA,NA,NA,NA,NA
180,B_33,Hedylidae,,0,Macrosoma,stabilinota,Macrosoma stabilinota,NA,NA,NA,NA,NA,NA,NA
181,B_21,Hedylidae,,0,Macrosoma,leucoplethes,Macrosoma leucoplethes,NA,NA,NA,NA,NA,NA,NA
182,B_16567,Papilionidae,Papilioninae,Troidini,Troides,helena,Troides helena,1,325.05077,176.8466,176.8466,-1.152867074,-1.345817193,Aristolochiaceae
183,B_16542,Papilionidae,Papilioninae,Troidini,Parides,photinus,Parides photinus,1,325.05077,176.8466,176.8466,-1.152867074,-1.345817193,Aristolochiaceae
184,B_16503,Papilionidae,Papilioninae,Troidini,Pachliopta,aristolochiae,Pachliopta aristolochiae,1,325.05077,176.8466,176.8466,-1.152867074,-1.345817193,Aristolochiaceae
185,B_16494,Papilionidae,Papilioninae,Troidini,Battus,philenor,Battus philenor,1,325.05077,176.8466,176.8466,-1.152867074,-1.345817193,Aristolochiaceae
186,B_16419,Papilionidae,Papilioninae,Papilionini,Papilio,xuthus,Papilio xuthus,1 1 2 1 1 3 1 1 4 2 1 1 2 1 1 2 2 11 4,325.050763 325.050162 448.784474 325.050763 325.049924 588.664227 325.049924 325.050162 602.702634 460.962464 325.049924 325.049924 448.784134 325.049924 325.050763 460.962694 448.784134 1396.609939 707.243527,169.1905 120 247.040953 169.1905 118 266.065632 118 120 206.0698982 271.396785 118 118 247.040603 118 169.1905 271.397015 247.040603 244.4548369 263.0962643,169.1905 120 247.040953 169.1905 118 260.734397 118 120 168.8134958 271.396785 118 118 247.040603 118 169.1905 271.397015 247.040603 201.1780118 246.066543,-1.018220449 -1.47360876 -0.225885723 -1.018220449 -1.841016096 -0.111081919 -1.841016096 -1.47360876 -1.041147728 -0.064222736 -1.841016096 -1.841016096 -0.298008316 -1.841016096 -1.018220449 0.175964505 -0.298008316 -0.730895507 -0.207004303,-1.042107971 -1.635058003 -0.247348788 -1.042107971 -1.713297661 0.280944985 -1.713297661 -1.635058003 -2.358312411 0.179702854 -1.713297661 -1.713297661 -0.252129356 -1.713297661 -1.042107971 0.183625376 -0.252129356 -0.767244915 0.081061195,Lauraceae Apiaceae Rubiaceae Rutaceae Lauraceae Rutaceae Lauraceae Magnoliaceae Rutaceae Rutaceae Apiaceae Apiaceae Araliaceae Asteraceae Rutaceae Magnoliaceae Rutaceae Rutaceae Rutaceae Apiaceae Rutaceae Rutaceae Lauraceae Aristolochiaceae Rutaceae Apiaceae Rutaceae Betulaceae Fagaceae Juglandaceae Bignoniaceae Oleaceae Lauraceae Magnoliaceae Salicaceae Rosaceae Rutaceae Sapindaceae Lauraceae Magnoliaceae Rosaceae Rutaceae
187,B_16311,Papilionidae,Papilioninae,Papilionini,Papilio,deiphobus,Papilio deiphobus,1 1 2 1 1 3 1 1 4 2 1 1 2 1 1 2 2 11 4,325.050763 325.050162 448.784474 325.050763 325.049924 588.664227 325.049924 325.050162 602.702634 460.962464 325.049924 325.049924 448.784134 325.049924 325.050763 460.962694 448.784134 1396.609939 707.243527,169.1905 120 247.040953 169.1905 118 266.065632 118 120 206.0698982 271.396785 118 118 247.040603 118 169.1905 271.397015 247.040603 244.4548369 263.0962643,169.1905 120 247.040953 169.1905 118 260.734397 118 120 168.8134958 271.396785 118 118 247.040603 118 169.1905 271.397015 247.040603 201.1780118 246.066543,-1.018220449 -1.47360876 -0.225885723 -1.018220449 -1.841016096 -0.111081919 -1.841016096 -1.47360876 -1.041147728 -0.064222736 -1.841016096 -1.841016096 -0.298008316 -1.841016096 -1.018220449 0.175964505 -0.298008316 -0.730895507 -0.207004303,-1.042107971 -1.635058003 -0.247348788 -1.042107971 -1.713297661 0.280944985 -1.713297661 -1.635058003 -2.358312411 0.179702854 -1.713297661 -1.713297661 -0.252129356 -1.713297661 -1.042107971 0.183625376 -0.252129356 -0.767244915 0.081061195,Lauraceae Apiaceae Rubiaceae Rutaceae Lauraceae Rutaceae Lauraceae Magnoliaceae Rutaceae Rutaceae Apiaceae Apiaceae Araliaceae Asteraceae Rutaceae Magnoliaceae Rutaceae Rutaceae Rutaceae Apiaceae Rutaceae Rutaceae Lauraceae Aristolochiaceae Rutaceae Apiaceae Rutaceae Betulaceae Fagaceae Juglandaceae Bignoniaceae Oleaceae Lauraceae Magnoliaceae Salicaceae Rosaceae Rutaceae Sapindaceae Lauraceae Magnoliaceae Rosaceae Rutaceae
188,B_16434,Papilionidae,Papilioninae,Papilionini,Pterourus,glaucus,Pterourus glaucus,1 1 2 1 1 3 1 1 4 2 1 1 2 1 1 2 2 11 4,325.050763 325.050162 448.784474 325.050763 325.049924 588.664227 325.049924 325.050162 602.702634 460.962464 325.049924 325.049924 448.784134 325.049924 325.050763 460.962694 448.784134 1396.609939 707.243527,169.1905 120 247.040953 169.1905 118 266.065632 118 120 206.0698982 271.396785 118 118 247.040603 118 169.1905 271.397015 247.040603 244.4548369 263.0962643,169.1905 120 247.040953 169.1905 118 260.734397 118 120 168.8134958 271.396785 118 118 247.040603 118 169.1905 271.397015 247.040603 201.1780118 246.066543,-1.018220449 -1.47360876 -0.225885723 -1.018220449 -1.841016096 -0.111081919 -1.841016096 -1.47360876 -1.041147728 -0.064222736 -1.841016096 -1.841016096 -0.298008316 -1.841016096 -1.018220449 0.175964505 -0.298008316 -0.730895507 -0.207004303,-1.042107971 -1.635058003 -0.247348788 -1.042107971 -1.713297661 0.280944985 -1.713297661 -1.635058003 -2.358312411 0.179702854 -1.713297661 -1.713297661 -0.252129356 -1.713297661 -1.042107971 0.183625376 -0.252129356 -0.767244915 0.081061195,Lauraceae Apiaceae Rubiaceae Rutaceae Lauraceae Rutaceae Lauraceae Magnoliaceae Rutaceae Rutaceae Apiaceae Apiaceae Araliaceae Asteraceae Rutaceae Magnoliaceae Rutaceae Rutaceae Rutaceae Apiaceae Rutaceae Rutaceae Lauraceae Aristolochiaceae Rutaceae Apiaceae Rutaceae Betulaceae Fagaceae Juglandaceae Bignoniaceae Oleaceae Lauraceae Magnoliaceae Salicaceae Rosaceae Rutaceae Sapindaceae Lauraceae Magnoliaceae Rosaceae Rutaceae
189,B_16453,Papilionidae,Papilioninae,Teinopalpini,Teinopalpus,imperialis,Teinopalpus imperialis,3,596.721405,271.7222633,271.6194327,0.006721476,0.377108625,Arecaceae Magnoliaceae Thymelaeaceae
190,B_16592,Papilionidae,Parnassiinae,Luehdorfiini,Luehdorfia,japonica,Luehdorfia japonica,1 1,325.05077 325.05077,176.8466 176.8466,176.8466 176.8466,-2.305734148,-2.691634386,Aristolochiaceae Aristolochiaceae
191,B_16655,Papilionidae,Parnassinae,Sericinini,Zerynthia,cerisyi,Zerynthia cerisyi,NA,NA,NA,NA,NA,NA,NA
192,B_16599,Papilionidae,Parnassiinae,Parnassiini,Parnassius,apollo,Parnassius apollo,1 1 1,325.051262 325.050692 325.051262,119.0588 174.3955 119.0588,119.0588 174.3955 119.0588,-4.691178304,-4.915215008,Crassulaceae Papaveraceae Crassulaceae
193,B_16091,Papilionidae,Papilioninae,Leptocircini,Eurytides,marcellus,Eurytides marcellus,3,569.343092,253.4700013,235.1150007,-0.287273341,-0.315417732,Lamiaceae Annonaceae Magnoliaceae
194,B_16103,Papilionidae,Papilioninae,Leptocircini,Graphium,agamemnon,Graphium agamemnon,3,569.343092,253.4700013,235.1150007,-0.287273341,-0.315417732,Lamiaceae Annonaceae Magnoliaceae
195,B_16077,Papilionidae,Baroniinae,0,Baronia,brevicornis,Baronia brevicornis,NA,NA,NA,NA,NA,NA,NA