Species, Module #, Module name,,,,,,,,,,,,,,,,,,,,,,,
Abaeis nicippe,7, Fabaceae ,,,,,,,,,,,,,,,,,,,,,,,
Abantis tettensis,13, Malvaceae ,,,,,,,,,,,,,,,,,,,,,,,
Abisara bifasciata,8, Poaceae ,,,,,,,,,,,,,,,,,,,,,,,
Abisara burnii,8, Poaceae ,,,,,,,,,,,,,,,,,,,,,,,
Abisara geza,8, Poaceae ,,,,,,,,,,,,,,,,,,,,,,,
Abisara kausambi,8, Poaceae ,,,,,,,,,,,,,,,,,,,,,,,
Abraximorpha davidii,6, Euphorbiaceae ,,,,,,,,,,,,,,,,,,,,,,,
Abrota ganga,2, Rutaceae+Insect ,,,,,,,,,,,,,,,,,,,,,,,
Acada biseriata,7, Fabaceae ,,,,,,,,,,,,,,,,,,,,,,,
Achlyodes busirus,2, Rutaceae+Insect ,,,,,,,,,,,,,,,,,,,,,,,
Acleros ploetzi,7, Fabaceae ,,,,,,,,,,,,,,,,,,,,,,,
Acraea abana,10, Asteraceae ,,,,,,,,,,,,,,,,,,,,,,,
Acraea horta,12, Salicaceae ,,,,,,,,,,,,,,,,,,,,,,,
Acraea neleus,10, Asteraceae ,,,,,,,,,,,,,,,,,,,,,,,
Acraea tenebrosa,10, Asteraceae ,,,,,,,,,,,,,,,,,,,,,,,
Acrodipsas myrmecophila,13, Malvaceae ,,,,,,,,,,,,,,,,,,,,,,,
Acrophtalmia artemis,10, Asteraceae ,,,,,,,,,,,,,,,,,,,,,,,
Acrophtalmia leuce,10, Asteraceae ,,,,,,,,,,,,,,,,,,,,,,,
Acytolepis puspa,11, Cannabaceae ,,,,,,,,,,,,,,,,,,,,,,,
Adelpha mesentina,7, Fabaceae ,,,,,,,,,,,,,,,,,,,,,,,
Adopaeoides prittwitzi,8, Poaceae ,,,,,,,,,,,,,,,,,,,,,,,
Aemona amathusia,5, Brassicaceae ,,,,,,,,,,,,,,,,,,,,,,,
Aeria eurimedia,10, Asteraceae ,,,,,,,,,,,,,,,,,,,,,,,
Aeromachus stigmata,13, Malvaceae ,,,,,,,,,,,,,,,,,,,,,,,
Aeropetes tulbaghia,8, Poaceae ,,,,,,,,,,,,,,,,,,,,,,,
Aethiopana honorius,11, Cannabaceae ,,,,,,,,,,,,,,,,,,,,,,,
Afarsia morgiana,7, Fabaceae ,,,,,,,,,,,,,,,,,,,,,,,
Afrodryas leda,5, Brassicaceae ,,,,,,,,,,,,,,,,,,,,,,,
Agara belti,13, Malvaceae ,,,,,,,,,,,,,,,,,,,,,,,
Agatasa calydonia,1, Violaceae ,,,,,,,,,,,,,,,,,,,,,,,
Agathymus aryxna,2, Rutaceae+Insect ,,,,,,,,,,,,,,,,,,,,,,,
Agathymus mariae,2, Rutaceae+Insect ,,,,,,,,,,,,,,,,,,,,,,,
Aglais io,12, Salicaceae ,,,,,,,,,,,,,,,,,,,,,,,
Aglais urticae,11, Cannabaceae ,,,,,,,,,,,,,,,,,,,,,,,
Agraulis vanillae,10, Asteraceae ,,,,,,,,,,,,,,,,,,,,,,,
Agriades optilete,7, Fabaceae ,,,,,,,,,,,,,,,,,,,,,,,
Aguna asander,1, Violaceae ,,,,,,,,,,,,,,,,,,,,,,,
Aguna claxon,7, Fabaceae ,,,,,,,,,,,,,,,,,,,,,,,
Aguna metophis,7, Fabaceae ,,,,,,,,,,,,,,,,,,,,,,,
Ahmetia achaja,7, Fabaceae ,,,,,,,,,,,,,,,,,,,,,,,
Aides duma,3, Arecaceae ,,,,,,,,,,,,,,,,,,,,,,,
Alaena amazoula,11, Cannabaceae ,,,,,,,,,,,,,,,,,,,,,,,
Alenia namaqua,8, Poaceae ,,,,,,,,,,,,,,,,,,,,,,,
Allancastria cerisyi,8, Poaceae ,,,,,,,,,,,,,,,,,,,,,,,
Allora major,11, Cannabaceae ,,,,,,,,,,,,,,,,,,,,,,,
Allotinus fallax,9, Myrtaceae+Insect ,,,,,,,,,,,,,,,,,,,,,,,
Allotinus unicolor,9, Myrtaceae+Insect ,,,,,,,,,,,,,,,,,,,,,,,
Aloeides pierus,7, Fabaceae ,,,,,,,,,,,,,,,,,,,,,,,
Alpherakya sarta,11, Cannabaceae ,,,,,,,,,,,,,,,,,,,,,,,
Altopedaliodes tena,8, Poaceae ,,,,,,,,,,,,,,,,,,,,,,,
Amathusia phidippus,3, Arecaceae ,,,,,,,,,,,,,,,,,,,,,,,
Amauris niavius,10, Asteraceae ,,,,,,,,,,,,,,,,,,,,,,,
Amblopala avidiena,7, Fabaceae ,,,,,,,,,,,,,,,,,,,,,,,
Amblypodia narada,9, Myrtaceae+Insect ,,,,,,,,,,,,,,,,,,,,,,,
Amblyscirtes eos,5, Brassicaceae ,,,,,,,,,,,,,,,,,,,,,,,
Amblyscirtes simius,8, Poaceae ,,,,,,,,,,,,,,,,,,,,,,,
Amiga arnaca,8, Poaceae ,,,,,,,,,,,,,,,,,,,,,,,
Amnosia decora,7, Fabaceae ,,,,,,,,,,,,,,,,,,,,,,,
Ampittia dioscorides,8, Poaceae ,,,,,,,,,,,,,,,,,,,,,,,
Ampittia virgata,8, Poaceae ,,,,,,,,,,,,,,,,,,,,,,,
Anaea troglodyta,10, Asteraceae ,,,,,,,,,,,,,,,,,,,,,,,
Anartia jatrophae,4, Lamiaceae ,,,,,,,,,,,,,,,,,,,,,,,
Anastrus sempiternus,9, Myrtaceae+Insect ,,,,,,,,,,,,,,,,,,,,,,,
Anatrytone logan,8, Poaceae ,,,,,,,,,,,,,,,,,,,,,,,
Ancema ctesia,12, Salicaceae ,,,,,,,,,,,,,,,,,,,,,,,
Ancistroides gemmifer,13, Malvaceae ,,,,,,,,,,,,,,,,,,,,,,,
Ancyloxypha numitor,8, Poaceae ,,,,,,,,,,,,,,,,,,,,,,,
Andronymus neander,7, Fabaceae ,,,,,,,,,,,,,,,,,,,,,,,
Anetia briarea,10, Asteraceae ,,,,,,,,,,,,,,,,,,,,,,,
Anetia thirza,10, Asteraceae ,,,,,,,,,,,,,,,,,,,,,,,
Anisynta cynone,8, Poaceae ,,,,,,,,,,,,,,,,,,,,,,,
Anisynta dominula,8, Poaceae ,,,,,,,,,,,,,,,,,,,,,,,
Anisynta tillyardi,8, Poaceae ,,,,,,,,,,,,,,,,,,,,,,,
Ankola fan,8, Poaceae ,,,,,,,,,,,,,,,,,,,,,,,
Antanartia delius,7, Fabaceae ,,,,,,,,,,,,,,,,,,,,,,,
Anteos maerula,7, Fabaceae ,,,,,,,,,,,,,,,,,,,,,,,
Anteros formosus,5, Brassicaceae ,,,,,,,,,,,,,,,,,,,,,,,
Anthanassa texana,10, Asteraceae ,,,,,,,,,,,,,,,,,,,,,,,
Anthene larydas,11, Cannabaceae ,,,,,,,,,,,,,,,,,,,,,,,
Anthocharis belia,5, Brassicaceae ,,,,,,,,,,,,,,,,,,,,,,,
Anthocharis cardamines,5, Brassicaceae ,,,,,,,,,,,,,,,,,,,,,,,
Anthoptus epictetus,8, Poaceae ,,,,,,,,,,,,,,,,,,,,,,,
Antigius attilia,7, Fabaceae ,,,,,,,,,,,,,,,,,,,,,,,
Antillea pelops,8, Poaceae ,,,,,,,,,,,,,,,,,,,,,,,
Antipodia atralba,8, Poaceae ,,,,,,,,,,,,,,,,,,,,,,,
Antipodia chaostola,8, Poaceae ,,,,,,,,,,,,,,,,,,,,,,,
Antirrhea philaretes,3, Arecaceae ,,,,,,,,,,,,,,,,,,,,,,,
Apallaga opalinus,8, Poaceae ,,,,,,,,,,,,,,,,,,,,,,,
Apatura metis,12, Salicaceae ,,,,,,,,,,,,,,,,,,,,,,,
Apaturina erminia,11, Cannabaceae ,,,,,,,,,,,,,,,,,,,,,,,
Apaturopsis cleochares,7, Fabaceae ,,,,,,,,,,,,,,,,,,,,,,,
Aphantopus hyperantus,8, Poaceae ,,,,,,,,,,,,,,,,,,,,,,,
Aphnaeus orcas,6, Euphorbiaceae ,,,,,,,,,,,,,,,,,,,,,,,
Aphysoneura pigmentaria,8, Poaceae ,,,,,,,,,,,,,,,,,,,,,,,
Apodemia ares,7, Fabaceae ,,,,,,,,,,,,,,,,,,,,,,,
Apodemia chisosensis,6, Euphorbiaceae ,,,,,,,,,,,,,,,,,,,,,,,
Apodemia duryi,2, Rutaceae+Insect ,,,,,,,,,,,,,,,,,,,,,,,
Apodemia hepburni,7, Fabaceae ,,,,,,,,,,,,,,,,,,,,,,,
Apodemia mormo,6, Euphorbiaceae ,,,,,,,,,,,,,,,,,,,,,,,
Apodemia murphyi,7, Fabaceae ,,,,,,,,,,,,,,,,,,,,,,,
Apodemia palmerii,7, Fabaceae ,,,,,,,,,,,,,,,,,,,,,,,
Apodemia zela,7, Fabaceae ,,,,,,,,,,,,,,,,,,,,,,,
Aporia agathon,10, Asteraceae ,,,,,,,,,,,,,,,,,,,,,,,
Aporia crataegi,6, Euphorbiaceae ,,,,,,,,,,,,,,,,,,,,,,,
Apostictopterus fuliginosus,8, Poaceae ,,,,,,,,,,,,,,,,,,,,,,,
Appias lasti,5, Brassicaceae ,,,,,,,,,,,,,,,,,,,,,,,
Appias libythea,5, Brassicaceae ,,,,,,,,,,,,,,,,,,,,,,,
Appias paulina,5, Brassicaceae ,,,,,,,,,,,,,,,,,,,,,,,
Apyrrothrix aesculapus,2, Rutaceae+Insect ,,,,,,,,,,,,,,,,,,,,,,,
Apyrrothrix araxes,7, Fabaceae ,,,,,,,,,,,,,,,,,,,,,,,
Araotes lapithis,1, Violaceae ,,,,,,,,,,,,,,,,,,,,,,,
Araragi enthea,2, Rutaceae+Insect ,,,,,,,,,,,,,,,,,,,,,,,
Araschnia levana,7, Fabaceae ,,,,,,,,,,,,,,,,,,,,,,,
Arawacus aetolus,2, Rutaceae+Insect ,,,,,,,,,,,,,,,,,,,,,,,
Arcas imperialis,1, Violaceae ,,,,,,,,,,,,,,,,,,,,,,,
Archaeoprepona demophon,2, Rutaceae+Insect ,,,,,,,,,,,,,,,,,,,,,,,
Archaeoprepona meander,2, Rutaceae+Insect ,,,,,,,,,,,,,,,,,,,,,,,
Archon apollinus,8, Poaceae ,,,,,,,,,,,,,,,,,,,,,,,
Archonias brassolis,5, Brassicaceae ,,,,,,,,,,,,,,,,,,,,,,,
Arethusana arethusa,8, Poaceae ,,,,,,,,,,,,,,,,,,,,,,,
Argon lota,3, Arecaceae ,,,,,,,,,,,,,,,,,,,,,,,
Argynnina cyrila,8, Poaceae ,,,,,,,,,,,,,,,,,,,,,,,
Argynnis aglaja,1, Violaceae ,,,,,,,,,,,,,,,,,,,,,,,
Argynnis anadyomene,1, Violaceae ,,,,,,,,,,,,,,,,,,,,,,,
Argynnis hyperbius,1, Violaceae ,,,,,,,,,,,,,,,,,,,,,,,
Argynnis laodice,1, Violaceae ,,,,,,,,,,,,,,,,,,,,,,,
Argynnis nerippe,1, Violaceae ,,,,,,,,,,,,,,,,,,,,,,,
Argynnis paphia,1, Violaceae ,,,,,,,,,,,,,,,,,,,,,,,
Argynnis sagana,1, Violaceae ,,,,,,,,,,,,,,,,,,,,,,,
Argyraspodes argyraspis,13, Malvaceae ,,,,,,,,,,,,,,,,,,,,,,,
Argyrophorus argenteus,8, Poaceae ,,,,,,,,,,,,,,,,,,,,,,,
Arhopala bazalus,7, Fabaceae ,,,,,,,,,,,,,,,,,,,,,,,
Arhopala muta,7, Fabaceae ,,,,,,,,,,,,,,,,,,,,,,,
Arhopala thamyras,2, Rutaceae+Insect ,,,,,,,,,,,,,,,,,,,,,,,
Ariadne ariadne,6, Euphorbiaceae ,,,,,,,,,,,,,,,,,,,,,,,
Aricia agestis,9, Myrtaceae+Insect ,,,,,,,,,,,,,,,,,,,,,,,
Aroma aroma,3, Arecaceae ,,,,,,,,,,,,,,,,,,,,,,,
Arotis derasa,8, Poaceae ,,,,,,,,,,,,,,,,,,,,,,,
Arrhenes dschilus,8, Poaceae ,,,,,,,,,,,,,,,,,,,,,,,
Arrhenes marnas,8, Poaceae ,,,,,,,,,,,,,,,,,,,,,,,
Arteurotia tractipennis,6, Euphorbiaceae ,,,,,,,,,,,,,,,,,,,,,,,
Artipe eryx,4, Lamiaceae ,,,,,,,,,,,,,,,,,,,,,,,
Artitropa comus,2, Rutaceae+Insect ,,,,,,,,,,,,,,,,,,,,,,,
Artitropa erinnys,2, Rutaceae+Insect ,,,,,,,,,,,,,,,,,,,,,,,
Artopoetes pryeri,2, Rutaceae+Insect ,,,,,,,,,,,,,,,,,,,,,,,
Asbolis capucinus,3, Arecaceae ,,,,,,,,,,,,,,,,,,,,,,,
Ascia monuste,5, Brassicaceae ,,,,,,,,,,,,,,,,,,,,,,,
Aslauga marshalli,9, Myrtaceae+Insect ,,,,,,,,,,,,,,,,,,,,,,,
Aspitha aspitha,13, Malvaceae ,,,,,,,,,,,,,,,,,,,,,,,
Asterocampa celtis,11, Cannabaceae ,,,,,,,,,,,,,,,,,,,,,,,
Asterope markii,13, Malvaceae ,,,,,,,,,,,,,,,,,,,,,,,
Astictopterus jama,8, Poaceae ,,,,,,,,,,,,,,,,,,,,,,,
Astraptes enotrus,7, Fabaceae ,,,,,,,,,,,,,,,,,,,,,,,
Atalopedes campestris,8, Poaceae ,,,,,,,,,,,,,,,,,,,,,,,
Atarnes sallei,1, Violaceae ,,,,,,,,,,,,,,,,,,,,,,,
Aterica rabena,9, Myrtaceae+Insect ,,,,,,,,,,,,,,,,,,,,,,,
Athyma perius,11, Cannabaceae ,,,,,,,,,,,,,,,,,,,,,,,
Atlantea perezi,8, Poaceae ,,,,,,,,,,,,,,,,,,,,,,,
Atlides halesus,12, Salicaceae ,,,,,,,,,,,,,,,,,,,,,,,
Atrophaneura semperi,8, Poaceae ,,,,,,,,,,,,,,,,,,,,,,,
Atrytone arogos,8, Poaceae ,,,,,,,,,,,,,,,,,,,,,,,
Atrytonopsis hianna,8, Poaceae ,,,,,,,,,,,,,,,,,,,,,,,
Aubergina alda,13, Malvaceae ,,,,,,,,,,,,,,,,,,,,,,,
Augiades crinisus,11, Cannabaceae ,,,,,,,,,,,,,,,,,,,,,,,
Aurina azines,7, Fabaceae ,,,,,,,,,,,,,,,,,,,,,,,
Autochton potrillo,4, Lamiaceae ,,,,,,,,,,,,,,,,,,,,,,,
Axiocerses harpax,2, Rutaceae+Insect ,,,,,,,,,,,,,,,,,,,,,,,
Azanus mirza,13, Malvaceae ,,,,,,,,,,,,,,,,,,,,,,,
Azanus natalensis,7, Fabaceae ,,,,,,,,,,,,,,,,,,,,,,,
Azanus ubaldus,7, Fabaceae ,,,,,,,,,,,,,,,,,,,,,,,
Badamia exclamationis,1, Violaceae ,,,,,,,,,,,,,,,,,,,,,,,
Baliochila barnesi,11, Cannabaceae ,,,,,,,,,,,,,,,,,,,,,,,
Baoris farri,8, Poaceae ,,,,,,,,,,,,,,,,,,,,,,,
Baoris oceia,8, Poaceae ,,,,,,,,,,,,,,,,,,,,,,,
Baracus vittatus,8, Poaceae ,,,,,,,,,,,,,,,,,,,,,,,
Baronia brevicornis,7, Fabaceae ,,,,,,,,,,,,,,,,,,,,,,,
Batesia hypochlora,6, Euphorbiaceae ,,,,,,,,,,,,,,,,,,,,,,,
Battus belus,8, Poaceae ,,,,,,,,,,,,,,,,,,,,,,,
Battus polydamas,8, Poaceae ,,,,,,,,,,,,,,,,,,,,,,,
Bebearia sophus,4, Lamiaceae ,,,,,,,,,,,,,,,,,,,,,,,
Belenois calypso,5, Brassicaceae ,,,,,,,,,,,,,,,,,,,,,,,
Belenois creona,5, Brassicaceae ,,,,,,,,,,,,,,,,,,,,,,,
Belenois java,5, Brassicaceae ,,,,,,,,,,,,,,,,,,,,,,,
Belenois subeida,5, Brassicaceae ,,,,,,,,,,,,,,,,,,,,,,,
Berberia abdelkader,8, Poaceae ,,,,,,,,,,,,,,,,,,,,,,,
Bhagadatta austenia,10, Asteraceae ,,,,,,,,,,,,,,,,,,,,,,,
Bhutanitis mansfieldi,8, Poaceae ,,,,,,,,,,,,,,,,,,,,,,,
Bhutanitis thaidina,8, Poaceae ,,,,,,,,,,,,,,,,,,,,,,,
Bia actorion,3, Arecaceae ,,,,,,,,,,,,,,,,,,,,,,,
Bibasis sena,9, Myrtaceae+Insect ,,,,,,,,,,,,,,,,,,,,,,,
Biblis hyperia,6, Euphorbiaceae ,,,,,,,,,,,,,,,,,,,,,,,
Bicyclus anynana,8, Poaceae ,,,,,,,,,,,,,,,,,,,,,,,
Bindahara phocides,4, Lamiaceae ,,,,,,,,,,,,,,,,,,,,,,,
Boloria pales,1, Violaceae ,,,,,,,,,,,,,,,,,,,,,,,
Borbo borbonica,8, Poaceae ,,,,,,,,,,,,,,,,,,,,,,,
Borbo cinnara,8, Poaceae ,,,,,,,,,,,,,,,,,,,,,,,
Brassolis sophorae,3, Arecaceae ,,,,,,,,,,,,,,,,,,,,,,,
Brenthis daphne,1, Violaceae ,,,,,,,,,,,,,,,,,,,,,,,
Brenthis ino,12, Salicaceae ,,,,,,,,,,,,,,,,,,,,,,,
Brephidium exilis,1, Violaceae ,,,,,,,,,,,,,,,,,,,,,,,
Brevioleria arzalia,6, Euphorbiaceae ,,,,,,,,,,,,,,,,,,,,,,,
Brintesia circe,8, Poaceae ,,,,,,,,,,,,,,,,,,,,,,,
Bungalotis astylos,7, Fabaceae ,,,,,,,,,,,,,,,,,,,,,,,
Bungalotis erythus,2, Rutaceae+Insect ,,,,,,,,,,,,,,,,,,,,,,,
Burara harisa,4, Lamiaceae ,,,,,,,,,,,,,,,,,,,,,,,
Burara oedipodea,9, Myrtaceae+Insect ,,,,,,,,,,,,,,,,,,,,,,,
Burmaozephyrus kothayaungi,7, Fabaceae ,,,,,,,,,,,,,,,,,,,,,,,
Burnsius albescens,13, Malvaceae ,,,,,,,,,,,,,,,,,,,,,,,
Butleria flavomaculatus,8, Poaceae ,,,,,,,,,,,,,,,,,,,,,,,
Byblia anvatara,4, Lamiaceae ,,,,,,,,,,,,,,,,,,,,,,,
Byblia ilithyia,6, Euphorbiaceae ,,,,,,,,,,,,,,,,,,,,,,,
Cacyreus lingeus,4, Lamiaceae ,,,,,,,,,,,,,,,,,,,,,,,
Caenides dacela,3, Arecaceae ,,,,,,,,,,,,,,,,,,,,,,,
Calephelis nemesis,12, Salicaceae ,,,,,,,,,,,,,,,,,,,,,,,
Calephelis perditalis,10, Asteraceae ,,,,,,,,,,,,,,,,,,,,,,,
Calephelis virginiensis,10, Asteraceae ,,,,,,,,,,,,,,,,,,,,,,,
Caleta caleta,6, Euphorbiaceae ,,,,,,,,,,,,,,,,,,,,,,,
Caligo eurilochus,3, Arecaceae ,,,,,,,,,,,,,,,,,,,,,,,
Calinaga sudassana,3, Arecaceae ,,,,,,,,,,,,,,,,,,,,,,,
Calleagris jamesoni,7, Fabaceae ,,,,,,,,,,,,,,,,,,,,,,,
Callerebia annada,8, Poaceae ,,,,,,,,,,,,,,,,,,,,,,,
Callicore astarte,13, Malvaceae ,,,,,,,,,,,,,,,,,,,,,,,
Callithomia lenea,6, Euphorbiaceae ,,,,,,,,,,,,,,,,,,,,,,,
Callophrys rubi,9, Myrtaceae+Insect ,,,,,,,,,,,,,,,,,,,,,,,
Calpodes ethlius,8, Poaceae ,,,,,,,,,,,,,,,,,,,,,,,
Caltoris cormasa,8, Poaceae ,,,,,,,,,,,,,,,,,,,,,,,
Calycopis cecrops,13, Malvaceae ,,,,,,,,,,,,,,,,,,,,,,,
Calydna sturnula,12, Salicaceae ,,,,,,,,,,,,,,,,,,,,,,,
Candalides albosericea,2, Rutaceae+Insect ,,,,,,,,,,,,,,,,,,,,,,,
Candalides xanthospilos,4, Lamiaceae ,,,,,,,,,,,,,,,,,,,,,,,
Caprona pillaana,13, Malvaceae ,,,,,,,,,,,,,,,,,,,,,,,
Capronnieria galesus,8, Poaceae ,,,,,,,,,,,,,,,,,,,,,,,
Capys alpheus,1, Violaceae ,,,,,,,,,,,,,,,,,,,,,,,
Carcharodus alceae,13, Malvaceae ,,,,,,,,,,,,,,,,,,,,,,,
Caria ino,4, Lamiaceae ,,,,,,,,,,,,,,,,,,,,,,,
Caria mantinea,11, Cannabaceae ,,,,,,,,,,,,,,,,,,,,,,,
Carrhenes canescens,13, Malvaceae ,,,,,,,,,,,,,,,,,,,,,,,
Carterocephalus palaemon,8, Poaceae ,,,,,,,,,,,,,,,,,,,,,,,
Carystus phorcus,3, Arecaceae ,,,,,,,,,,,,,,,,,,,,,,,
Cassionympha cassius,8, Poaceae ,,,,,,,,,,,,,,,,,,,,,,,
Castalius rosimon,6, Euphorbiaceae ,,,,,,,,,,,,,,,,,,,,,,,
Catacroptera cloanthe,10, Asteraceae ,,,,,,,,,,,,,,,,,,,,,,,
Catapaecilma elegans,9, Myrtaceae+Insect ,,,,,,,,,,,,,,,,,,,,,,,
Catapaecilma major,9, Myrtaceae+Insect ,,,,,,,,,,,,,,,,,,,,,,,
Catasticta nimbice,12, Salicaceae ,,,,,,,,,,,,,,,,,,,,,,,
Catochrysops strabo,13, Malvaceae ,,,,,,,,,,,,,,,,,,,,,,,
Catonephele numilia,4, Lamiaceae ,,,,,,,,,,,,,,,,,,,,,,,
Catopsilia scylla,7, Fabaceae ,,,,,,,,,,,,,,,,,,,,,,,
Catopyrops ancyra,7, Fabaceae ,,,,,,,,,,,,,,,,,,,,,,,
Cecropterus bathyllus,7, Fabaceae ,,,,,,,,,,,,,,,,,,,,,,,
Cecropterus casica,10, Asteraceae ,,,,,,,,,,,,,,,,,,,,,,,
Cecropterus confusis,7, Fabaceae ,,,,,,,,,,,,,,,,,,,,,,,
Cecropterus dorantes,7, Fabaceae ,,,,,,,,,,,,,,,,,,,,,,,
Cecropterus doryssus,7, Fabaceae ,,,,,,,,,,,,,,,,,,,,,,,
Cecropterus lyciades,10, Asteraceae ,,,,,,,,,,,,,,,,,,,,,,,
Cecropterus toxeus,7, Fabaceae ,,,,,,,,,,,,,,,,,,,,,,,
Celaenorrhinus leucocera,8, Poaceae ,,,,,,,,,,,,,,,,,,,,,,,
Celaenorrhinus patula,8, Poaceae ,,,,,,,,,,,,,,,,,,,,,,,
Celastrina argiolus,7, Fabaceae ,,,,,,,,,,,,,,,,,,,,,,,
Celotes nessus,13, Malvaceae ,,,,,,,,,,,,,,,,,,,,,,,
Cephrenes augiades,3, Arecaceae ,,,,,,,,,,,,,,,,,,,,,,,
Cepora nerissa,5, Brassicaceae ,,,,,,,,,,,,,,,,,,,,,,,
Ceratinia neso,6, Euphorbiaceae ,,,,,,,,,,,,,,,,,,,,,,,
Ceratrichia phocion,8, Poaceae ,,,,,,,,,,,,,,,,,,,,,,,
Cerautola ceraunia,11, Cannabaceae ,,,,,,,,,,,,,,,,,,,,,,,
Cercyonis oetus,8, Poaceae ,,,,,,,,,,,,,,,,,,,,,,,
Cercyonis pegala,8, Poaceae ,,,,,,,,,,,,,,,,,,,,,,,
Cethosia biblis,10, Asteraceae ,,,,,,,,,,,,,,,,,,,,,,,
Cethosia cydippe,10, Asteraceae ,,,,,,,,,,,,,,,,,,,,,,,
Chaetocneme critomedia,1, Violaceae ,,,,,,,,,,,,,,,,,,,,,,,
Chaetoprocta odata,2, Rutaceae+Insect ,,,,,,,,,,,,,,,,,,,,,,,
Chalinga elwesi,8, Poaceae ,,,,,,,,,,,,,,,,,,,,,,,
Chalodeta lypera,10, Asteraceae ,,,,,,,,,,,,,,,,,,,,,,,
Chalybs janias,6, Euphorbiaceae ,,,,,,,,,,,,,,,,,,,,,,,
Charana mandarinus,6, Euphorbiaceae ,,,,,,,,,,,,,,,,,,,,,,,
Charaxes bernardus,2, Rutaceae+Insect ,,,,,,,,,,,,,,,,,,,,,,,
Charaxes brutus,13, Malvaceae ,,,,,,,,,,,,,,,,,,,,,,,
Charaxes contrarius,7, Fabaceae ,,,,,,,,,,,,,,,,,,,,,,,
Charaxes jasius,13, Malvaceae ,,,,,,,,,,,,,,,,,,,,,,,
Charaxes varanes,13, Malvaceae ,,,,,,,,,,,,,,,,,,,,,,,
Charaxes zoolina,7, Fabaceae ,,,,,,,,,,,,,,,,,,,,,,,
Charis anius,10, Asteraceae ,,,,,,,,,,,,,,,,,,,,,,,
Chazara briseis,8, Poaceae ,,,,,,,,,,,,,,,,,,,,,,,
Cheritra freja,13, Malvaceae ,,,,,,,,,,,,,,,,,,,,,,,
Chersonesia rahria,3, Arecaceae ,,,,,,,,,,,,,,,,,,,,,,,
Chilades lajus,2, Rutaceae+Insect ,,,,,,,,,,,,,,,,,,,,,,,
Chillanella stelligera,8, Poaceae ,,,,,,,,,,,,,,,,,,,,,,,
Chioides albofasciatus,7, Fabaceae ,,,,,,,,,,,,,,,,,,,,,,,
Chioides catillus,7, Fabaceae ,,,,,,,,,,,,,,,,,,,,,,,
Chiomara georgina,11, Cannabaceae ,,,,,,,,,,,,,,,,,,,,,,,
Chiomara mithrax,4, Lamiaceae ,,,,,,,,,,,,,,,,,,,,,,,
Chiothion asychis,4, Lamiaceae ,,,,,,,,,,,,,,,,,,,,,,,
Chitoria chrysolora,11, Cannabaceae ,,,,,,,,,,,,,,,,,,,,,,,
Chloroselas esmeralda,7, Fabaceae ,,,,,,,,,,,,,,,,,,,,,,,
Chloroselas pseudozeritis,7, Fabaceae ,,,,,,,,,,,,,,,,,,,,,,,
Chlorostrymon simaethis,10, Asteraceae ,,,,,,,,,,,,,,,,,,,,,,,
Chlosyne janais,8, Poaceae ,,,,,,,,,,,,,,,,,,,,,,,
Choaspes benjaminii,10, Asteraceae ,,,,,,,,,,,,,,,,,,,,,,,
Chondrolepis niveicornis,8, Poaceae ,,,,,,,,,,,,,,,,,,,,,,,
Choranthus haitensis,8, Poaceae ,,,,,,,,,,,,,,,,,,,,,,,
Choranthus radians,8, Poaceae ,,,,,,,,,,,,,,,,,,,,,,,
Chorinea licursis,13, Malvaceae ,,,,,,,,,,,,,,,,,,,,,,,
Chrysoritis oreas,12, Salicaceae ,,,,,,,,,,,,,,,,,,,,,,,
Chrysozephyrus ataxus,7, Fabaceae ,,,,,,,,,,,,,,,,,,,,,,,
Chrysozephyrus smaragdina,6, Euphorbiaceae ,,,,,,,,,,,,,,,,,,,,,,,
Cigaritis somalina,6, Euphorbiaceae ,,,,,,,,,,,,,,,,,,,,,,,
Cigaritis takanonis,13, Malvaceae ,,,,,,,,,,,,,,,,,,,,,,,
Cigaritis zohra,9, Myrtaceae+Insect ,,,,,,,,,,,,,,,,,,,,,,,
Cirrochroa aoris,12, Salicaceae ,,,,,,,,,,,,,,,,,,,,,,,
Cirrochroa orissa,12, Salicaceae ,,,,,,,,,,,,,,,,,,,,,,,
Cissia confusa,8, Poaceae ,,,,,,,,,,,,,,,,,,,,,,,
Cissia eous,8, Poaceae ,,,,,,,,,,,,,,,,,,,,,,,
Cissia labe,3, Arecaceae ,,,,,,,,,,,,,,,,,,,,,,,
Cissia myncea,8, Poaceae ,,,,,,,,,,,,,,,,,,,,,,,
Cissia palladia,8, Poaceae ,,,,,,,,,,,,,,,,,,,,,,,
Cissia penelope,8, Poaceae ,,,,,,,,,,,,,,,,,,,,,,,
Cissia rubricata,3, Arecaceae ,,,,,,,,,,,,,,,,,,,,,,,
Citrinophila erastus,11, Cannabaceae ,,,,,,,,,,,,,,,,,,,,,,,
Cobalus calvina,3, Arecaceae ,,,,,,,,,,,,,,,,,,,,,,,
Codatractus alcaeus,7, Fabaceae ,,,,,,,,,,,,,,,,,,,,,,,
Codatractus arizonensis,7, Fabaceae ,,,,,,,,,,,,,,,,,,,,,,,
Coeliades forestan,6, Euphorbiaceae ,,,,,,,,,,,,,,,,,,,,,,,
Coeliades ramanatek,11, Cannabaceae ,,,,,,,,,,,,,,,,,,,,,,,
Coelites nothis,3, Arecaceae ,,,,,,,,,,,,,,,,,,,,,,,
Coenonympha pamphilus,8, Poaceae ,,,,,,,,,,,,,,,,,,,,,,,
Coenyra hebe,8, Poaceae ,,,,,,,,,,,,,,,,,,,,,,,
Cogia calchas,7, Fabaceae ,,,,,,,,,,,,,,,,,,,,,,,
Cogia hippalus,7, Fabaceae ,,,,,,,,,,,,,,,,,,,,,,,
Colias croceus,7, Fabaceae ,,,,,,,,,,,,,,,,,,,,,,,
Colias hyale,7, Fabaceae ,,,,,,,,,,,,,,,,,,,,,,,
Colobura dirce,7, Fabaceae ,,,,,,,,,,,,,,,,,,,,,,,
Colotis amata,5, Brassicaceae ,,,,,,,,,,,,,,,,,,,,,,,
Colotis evagore,5, Brassicaceae ,,,,,,,,,,,,,,,,,,,,,,,
Conga chydaea,8, Poaceae ,,,,,,,,,,,,,,,,,,,,,,,
Consul fabius,2, Rutaceae+Insect ,,,,,,,,,,,,,,,,,,,,,,,
Copaeodes aurantiaca,8, Poaceae ,,,,,,,,,,,,,,,,,,,,,,,
Corades medeba,8, Poaceae ,,,,,,,,,,,,,,,,,,,,,,,
Coreana raphaelis,2, Rutaceae+Insect ,,,,,,,,,,,,,,,,,,,,,,,
Coreana stygiana,2, Rutaceae+Insect ,,,,,,,,,,,,,,,,,,,,,,,
Corticea corticea,8, Poaceae ,,,,,,,,,,,,,,,,,,,,,,,
Creon cleobis,6, Euphorbiaceae ,,,,,,,,,,,,,,,,,,,,,,,
Creonpyge creon,2, Rutaceae+Insect ,,,,,,,,,,,,,,,,,,,,,,,
Cressida cressida,8, Poaceae ,,,,,,,,,,,,,,,,,,,,,,,
Croitana croites,8, Poaceae ,,,,,,,,,,,,,,,,,,,,,,,
Croniades pieria,1, Violaceae ,,,,,,,,,,,,,,,,,,,,,,,
Crudaria leroma,7, Fabaceae ,,,,,,,,,,,,,,,,,,,,,,,
Culapa tagala,8, Poaceae ,,,,,,,,,,,,,,,,,,,,,,,
Cunizza hirlanda,6, Euphorbiaceae ,,,,,,,,,,,,,,,,,,,,,,,
Cupha erymanthis,12, Salicaceae ,,,,,,,,,,,,,,,,,,,,,,,
Cupidesthes vidua,11, Cannabaceae ,,,,,,,,,,,,,,,,,,,,,,,
Cupido comyntas,7, Fabaceae ,,,,,,,,,,,,,,,,,,,,,,,
Cupido moorei,4, Lamiaceae ,,,,,,,,,,,,,,,,,,,,,,,
Cupidopsis cissus,7, Fabaceae ,,,,,,,,,,,,,,,,,,,,,,,
Cupidopsis jobates,7, Fabaceae ,,,,,,,,,,,,,,,,,,,,,,,
Cupitha purreea,9, Myrtaceae+Insect ,,,,,,,,,,,,,,,,,,,,,,,
Curetis bulis,13, Malvaceae ,,,,,,,,,,,,,,,,,,,,,,,
Curetis saronis,7, Fabaceae ,,,,,,,,,,,,,,,,,,,,,,,
Curetis tagalica,7, Fabaceae ,,,,,,,,,,,,,,,,,,,,,,,
Curvie emesia,11, Cannabaceae ,,,,,,,,,,,,,,,,,,,,,,,
Cyaniris semiargus,7, Fabaceae ,,,,,,,,,,,,,,,,,,,,,,,
Cybdelis phaesyla,6, Euphorbiaceae ,,,,,,,,,,,,,,,,,,,,,,,
Cyclargus ammon,11, Cannabaceae ,,,,,,,,,,,,,,,,,,,,,,,
Cycloglypha thrasibulus,1, Violaceae ,,,,,,,,,,,,,,,,,,,,,,,
Cyclyrius webbianus,7, Fabaceae ,,,,,,,,,,,,,,,,,,,,,,,
Cyllopsis pyracmon,8, Poaceae ,,,,,,,,,,,,,,,,,,,,,,,
Cymothoe lurida,12, Salicaceae ,,,,,,,,,,,,,,,,,,,,,,,
Cynandra opis,5, Brassicaceae ,,,,,,,,,,,,,,,,,,,,,,,
Cynea cynea,8, Poaceae ,,,,,,,,,,,,,,,,,,,,,,,
Cyrestis acilia,3, Arecaceae ,,,,,,,,,,,,,,,,,,,,,,,
Cyrestis nivea,3, Arecaceae ,,,,,,,,,,,,,,,,,,,,,,,
Dachetola azora,6, Euphorbiaceae ,,,,,,,,,,,,,,,,,,,,,,,
Daedalma dinias,8, Poaceae ,,,,,,,,,,,,,,,,,,,,,,,
Daimio tethys,12, Salicaceae ,,,,,,,,,,,,,,,,,,,,,,,
Danaus chrysippus,10, Asteraceae ,,,,,,,,,,,,,,,,,,,,,,,
Danaus eresimus,10, Asteraceae ,,,,,,,,,,,,,,,,,,,,,,,
Danaus erippus,10, Asteraceae ,,,,,,,,,,,,,,,,,,,,,,,
Danaus gilippus,10, Asteraceae ,,,,,,,,,,,,,,,,,,,,,,,
Danaus melanippus,10, Asteraceae ,,,,,,,,,,,,,,,,,,,,,,,
Danaus plexippus,10, Asteraceae ,,,,,,,,,,,,,,,,,,,,,,,
Danis danis,10, Asteraceae ,,,,,,,,,,,,,,,,,,,,,,,
Dapidodigma demeter,12, Salicaceae ,,,,,,,,,,,,,,,,,,,,,,,
Darpa pteria,1, Violaceae ,,,,,,,,,,,,,,,,,,,,,,,
Dasyophthalma rusina,3, Arecaceae ,,,,,,,,,,,,,,,,,,,,,,,
Davidina armandi,8, Poaceae ,,,,,,,,,,,,,,,,,,,,,,,
Decinea decinea,3, Arecaceae ,,,,,,,,,,,,,,,,,,,,,,,
Delias descombesi,6, Euphorbiaceae ,,,,,,,,,,,,,,,,,,,,,,,
Delias henningia,6, Euphorbiaceae ,,,,,,,,,,,,,,,,,,,,,,,
Delias pasithoe,12, Salicaceae ,,,,,,,,,,,,,,,,,,,,,,,
Deloneura ochrascens,11, Cannabaceae ,,,,,,,,,,,,,,,,,,,,,,,
Dercas verhuelli,7, Fabaceae ,,,,,,,,,,,,,,,,,,,,,,,
Detritivora gynaea,10, Asteraceae ,,,,,,,,,,,,,,,,,,,,,,,
Deudorix antalus,13, Malvaceae ,,,,,,,,,,,,,,,,,,,,,,,
Deudorix epijarbas,13, Malvaceae ,,,,,,,,,,,,,,,,,,,,,,,
Diaethria anna,11, Cannabaceae ,,,,,,,,,,,,,,,,,,,,,,,
Diaethria clymena,11, Cannabaceae ,,,,,,,,,,,,,,,,,,,,,,,
Dianesia carteri,6, Euphorbiaceae ,,,,,,,,,,,,,,,,,,,,,,,
Dichorragia nesimachus,10, Asteraceae ,,,,,,,,,,,,,,,,,,,,,,,
Dilipa morgiana,11, Cannabaceae ,,,,,,,,,,,,,,,,,,,,,,,
Dingana dingana,6, Euphorbiaceae ,,,,,,,,,,,,,,,,,,,,,,,
Dione juno,10, Asteraceae ,,,,,,,,,,,,,,,,,,,,,,,
Dira clytus,8, Poaceae ,,,,,,,,,,,,,,,,,,,,,,,
Dircenna jemina,6, Euphorbiaceae ,,,,,,,,,,,,,,,,,,,,,,,
Discolampa ethion,6, Euphorbiaceae ,,,,,,,,,,,,,,,,,,,,,,,
Discophora celinde,3, Arecaceae ,,,,,,,,,,,,,,,,,,,,,,,
Dismorphia theucharila,7, Fabaceae ,,,,,,,,,,,,,,,,,,,,,,,
Dispar compacta,8, Poaceae ,,,,,,,,,,,,,,,,,,,,,,,
Dixeia charina,5, Brassicaceae ,,,,,,,,,,,,,,,,,,,,,,,
Dixeia doxo,5, Brassicaceae ,,,,,,,,,,,,,,,,,,,,,,,
Dodona deodata,8, Poaceae ,,,,,,,,,,,,,,,,,,,,,,,
Doleschallia bisaltide,3, Arecaceae ,,,,,,,,,,,,,,,,,,,,,,,
Doleschallia polibete,8, Poaceae ,,,,,,,,,,,,,,,,,,,,,,,
Doxocopa agathina,11, Cannabaceae ,,,,,,,,,,,,,,,,,,,,,,,
Drephalys kidonoi,1, Violaceae ,,,,,,,,,,,,,,,,,,,,,,,
Drupadia ravindra,9, Myrtaceae+Insect ,,,,,,,,,,,,,,,,,,,,,,,
Dryadula phaetusa,10, Asteraceae ,,,,,,,,,,,,,,,,,,,,,,,
Dryas iulia,10, Asteraceae ,,,,,,,,,,,,,,,,,,,,,,,
Dubiella dubius,3, Arecaceae ,,,,,,,,,,,,,,,,,,,,,,,
Dulcedo polita,3, Arecaceae ,,,,,,,,,,,,,,,,,,,,,,,
Durbania amakosa,11, Cannabaceae ,,,,,,,,,,,,,,,,,,,,,,,
Durbaniella clarki,11, Cannabaceae ,,,,,,,,,,,,,,,,,,,,,,,
Durbaniopsis saga,11, Cannabaceae ,,,,,,,,,,,,,,,,,,,,,,,
Dymasia dymas,8, Poaceae ,,,,,,,,,,,,,,,,,,,,,,,
Dynamine postverta,6, Euphorbiaceae ,,,,,,,,,,,,,,,,,,,,,,,
Dynastor darius,4, Lamiaceae ,,,,,,,,,,,,,,,,,,,,,,,
Dyscophellus porcius,6, Euphorbiaceae ,,,,,,,,,,,,,,,,,,,,,,,
Eagris sabadius,13, Malvaceae ,,,,,,,,,,,,,,,,,,,,,,,
Eantis mithridates,2, Rutaceae+Insect ,,,,,,,,,,,,,,,,,,,,,,,
Eantis pallida,2, Rutaceae+Insect ,,,,,,,,,,,,,,,,,,,,,,,
Eantis thraso,2, Rutaceae+Insect ,,,,,,,,,,,,,,,,,,,,,,,
Ebusus ebusus,3, Arecaceae ,,,,,,,,,,,,,,,,,,,,,,,
Echinargus isola,7, Fabaceae ,,,,,,,,,,,,,,,,,,,,,,,
Ectomis asine,7, Fabaceae ,,,,,,,,,,,,,,,,,,,,,,,
Ectomis octomaculata,7, Fabaceae ,,,,,,,,,,,,,,,,,,,,,,,
Ectomis perniciosus,7, Fabaceae ,,,,,,,,,,,,,,,,,,,,,,,
Ectomis pervivax,7, Fabaceae ,,,,,,,,,,,,,,,,,,,,,,,
Eetion elia,2, Rutaceae+Insect ,,,,,,,,,,,,,,,,,,,,,,,
Elina montrolii,8, Poaceae ,,,,,,,,,,,,,,,,,,,,,,,
Elodina padusa,5, Brassicaceae ,,,,,,,,,,,,,,,,,,,,,,,
Elymnias bammakoo,3, Arecaceae ,,,,,,,,,,,,,,,,,,,,,,,
Elymnias hypermnestra,3, Arecaceae ,,,,,,,,,,,,,,,,,,,,,,,
Elymnias nesaea,3, Arecaceae ,,,,,,,,,,,,,,,,,,,,,,,
Elzunia pavonii,10, Asteraceae ,,,,,,,,,,,,,,,,,,,,,,,
Emesis brimo,1, Violaceae ,,,,,,,,,,,,,,,,,,,,,,,
Emesis cypria,12, Salicaceae ,,,,,,,,,,,,,,,,,,,,,,,
Emesis lacrines,2, Rutaceae+Insect ,,,,,,,,,,,,,,,,,,,,,,,
Emesis lucinda,9, Myrtaceae+Insect ,,,,,,,,,,,,,,,,,,,,,,,
Emesis ocypore,12, Salicaceae ,,,,,,,,,,,,,,,,,,,,,,,
Emesis tegula,12, Salicaceae ,,,,,,,,,,,,,,,,,,,,,,,
Emesis tenedia,12, Salicaceae ,,,,,,,,,,,,,,,,,,,,,,,
Emmelus purpurascens,9, Myrtaceae+Insect ,,,,,,,,,,,,,,,,,,,,,,,
Eogenes alcides,3, Arecaceae ,,,,,,,,,,,,,,,,,,,,,,,
Eooxylides tharis,5, Brassicaceae ,,,,,,,,,,,,,,,,,,,,,,,
Epargyreus clarus,7, Fabaceae ,,,,,,,,,,,,,,,,,,,,,,,
Epargyreus spanna,10, Asteraceae ,,,,,,,,,,,,,,,,,,,,,,,
Ephyriades arcas,11, Cannabaceae ,,,,,,,,,,,,,,,,,,,,,,,
Ephyriades brunnea,11, Cannabaceae ,,,,,,,,,,,,,,,,,,,,,,,
Epiphile orea,13, Malvaceae ,,,,,,,,,,,,,,,,,,,,,,,
Episcada salvinia,6, Euphorbiaceae ,,,,,,,,,,,,,,,,,,,,,,,
Epitola urania,11, Cannabaceae ,,,,,,,,,,,,,,,,,,,,,,,
Epityches eupompe,6, Euphorbiaceae ,,,,,,,,,,,,,,,,,,,,,,,
Eracon paulinus,13, Malvaceae ,,,,,,,,,,,,,,,,,,,,,,,
Erebia epiphron,8, Poaceae ,,,,,,,,,,,,,,,,,,,,,,,
Erebia ligea,8, Poaceae ,,,,,,,,,,,,,,,,,,,,,,,
Eretris porphyria,8, Poaceae ,,,,,,,,,,,,,,,,,,,,,,,
Erikssonia acraeina,4, Lamiaceae ,,,,,,,,,,,,,,,,,,,,,,,
Erionota acroleucus,3, Arecaceae ,,,,,,,,,,,,,,,,,,,,,,,
Erionota thrax,3, Arecaceae ,,,,,,,,,,,,,,,,,,,,,,,
Ernsta colotes,13, Malvaceae ,,,,,,,,,,,,,,,,,,,,,,,
Eroessa chiliensis,10, Asteraceae ,,,,,,,,,,,,,,,,,,,,,,,
Eronia cleodora,5, Brassicaceae ,,,,,,,,,,,,,,,,,,,,,,,
Erora quaderna,7, Fabaceae ,,,,,,,,,,,,,,,,,,,,,,,
Erynnis brizo,7, Fabaceae ,,,,,,,,,,,,,,,,,,,,,,,
Erynnis horatius,7, Fabaceae ,,,,,,,,,,,,,,,,,,,,,,,
Erynnis tages,9, Myrtaceae+Insect ,,,,,,,,,,,,,,,,,,,,,,,
Eryphanis automedon,8, Poaceae ,,,,,,,,,,,,,,,,,,,,,,,
Erysichton lineata,1, Violaceae ,,,,,,,,,,,,,,,,,,,,,,,
Eteona tisiphone,8, Poaceae ,,,,,,,,,,,,,,,,,,,,,,,
Etesiolaus catori,4, Lamiaceae ,,,,,,,,,,,,,,,,,,,,,,,
Euapatura mirza,12, Salicaceae ,,,,,,,,,,,,,,,,,,,,,,,
Euaspa milionia,7, Fabaceae ,,,,,,,,,,,,,,,,,,,,,,,
Eucheira socialis,7, Fabaceae ,,,,,,,,,,,,,,,,,,,,,,,
Euchloe ausonia,5, Brassicaceae ,,,,,,,,,,,,,,,,,,,,,,,
Euchloe ausonides,5, Brassicaceae ,,,,,,,,,,,,,,,,,,,,,,,
Euchrysops cnejus,7, Fabaceae ,,,,,,,,,,,,,,,,,,,,,,,
Eueides isabella,10, Asteraceae ,,,,,,,,,,,,,,,,,,,,,,,
Euliphyra hewitsoni,13, Malvaceae ,,,,,,,,,,,,,,,,,,,,,,,
Eumaeus atala,12, Salicaceae ,,,,,,,,,,,,,,,,,,,,,,,
Eumaeus minyas,12, Salicaceae ,,,,,,,,,,,,,,,,,,,,,,,
Eumedonia eumedon,4, Lamiaceae ,,,,,,,,,,,,,,,,,,,,,,,
Eunica monima,4, Lamiaceae ,,,,,,,,,,,,,,,,,,,,,,,
Euphaedra neophron,13, Malvaceae ,,,,,,,,,,,,,,,,,,,,,,,
Euphilotes enoptes,6, Euphorbiaceae ,,,,,,,,,,,,,,,,,,,,,,,
Euphydryas editha,5, Brassicaceae ,,,,,,,,,,,,,,,,,,,,,,,
Euphyes arpa,3, Arecaceae ,,,,,,,,,,,,,,,,,,,,,,,
Euphyes dion,8, Poaceae ,,,,,,,,,,,,,,,,,,,,,,,
Euploea phaenareta,3, Arecaceae ,,,,,,,,,,,,,,,,,,,,,,,
Euploea radamanthus,3, Arecaceae ,,,,,,,,,,,,,,,,,,,,,,,
Euptoieta claudia,10, Asteraceae ,,,,,,,,,,,,,,,,,,,,,,,
Eurema mandarina,6, Euphorbiaceae ,,,,,,,,,,,,,,,,,,,,,,,
Eurema mexicana,7, Fabaceae ,,,,,,,,,,,,,,,,,,,,,,,
Euriphellus euribates,7, Fabaceae ,,,,,,,,,,,,,,,,,,,,,,,
Euriphene amicia,11, Cannabaceae ,,,,,,,,,,,,,,,,,,,,,,,
Euripus nyctelius,7, Fabaceae ,,,,,,,,,,,,,,,,,,,,,,,
Euryades corethrus,8, Poaceae ,,,,,,,,,,,,,,,,,,,,,,,
Eurybia lycisca,8, Poaceae ,,,,,,,,,,,,,,,,,,,,,,,
Eurytela dryope,13, Malvaceae ,,,,,,,,,,,,,,,,,,,,,,,
Eurytides dioxippus,2, Rutaceae+Insect ,,,,,,,,,,,,,,,,,,,,,,,
Eurytides dolicaon,1, Violaceae ,,,,,,,,,,,,,,,,,,,,,,,
Eurytides philolaus,1, Violaceae ,,,,,,,,,,,,,,,,,,,,,,,
Euschemon rafflesia,2, Rutaceae+Insect ,,,,,,,,,,,,,,,,,,,,,,,
Euselasia chrysippe,5, Brassicaceae ,,,,,,,,,,,,,,,,,,,,,,,
Euthalia evelina,10, Asteraceae ,,,,,,,,,,,,,,,,,,,,,,,
Euthalia lubentina,6, Euphorbiaceae ,,,,,,,,,,,,,,,,,,,,,,,
Euthaliopsis aetion,10, Asteraceae ,,,,,,,,,,,,,,,,,,,,,,,
Eutresis hypereia,6, Euphorbiaceae ,,,,,,,,,,,,,,,,,,,,,,,
Euxanthe eurinome,13, Malvaceae ,,,,,,,,,,,,,,,,,,,,,,,
Evena crithea,4, Lamiaceae ,,,,,,,,,,,,,,,,,,,,,,,
Evenus regalis,4, Lamiaceae ,,,,,,,,,,,,,,,,,,,,,,,
Exometoeca nycteris,12, Salicaceae ,,,,,,,,,,,,,,,,,,,,,,,
Exoplisia cadmeis,13, Malvaceae ,,,,,,,,,,,,,,,,,,,,,,,
Falga jeconia,8, Poaceae ,,,,,,,,,,,,,,,,,,,,,,,
Faunis eumeus,3, Arecaceae ,,,,,,,,,,,,,,,,,,,,,,,
Feniseca tarquinius,2, Rutaceae+Insect ,,,,,,,,,,,,,,,,,,,,,,,
Flos apidanus,9, Myrtaceae+Insect ,,,,,,,,,,,,,,,,,,,,,,,
Forsterinaria pronophila,8, Poaceae ,,,,,,,,,,,,,,,,,,,,,,,
Fountainea nessus,7, Fabaceae ,,,,,,,,,,,,,,,,,,,,,,,
Fresna netopha,13, Malvaceae ,,,,,,,,,,,,,,,,,,,,,,,
Fresna nyassae,13, Malvaceae ,,,,,,,,,,,,,,,,,,,,,,,
Freyeria trochylus,10, Asteraceae ,,,,,,,,,,,,,,,,,,,,,,,
Gamia buchholzi,3, Arecaceae ,,,,,,,,,,,,,,,,,,,,,,,
Gamia shelleyi,3, Arecaceae ,,,,,,,,,,,,,,,,,,,,,,,
Gandaca harina,1, Violaceae ,,,,,,,,,,,,,,,,,,,,,,,
Gangara thyrsis,3, Arecaceae ,,,,,,,,,,,,,,,,,,,,,,,
Ganyra josephina,5, Brassicaceae ,,,,,,,,,,,,,,,,,,,,,,,
Ganyra phaloe,5, Brassicaceae ,,,,,,,,,,,,,,,,,,,,,,,
Gegenes pumilio,8, Poaceae ,,,,,,,,,,,,,,,,,,,,,,,
Geitoneura klugii,8, Poaceae ,,,,,,,,,,,,,,,,,,,,,,,
Gerosis bhagava,5, Brassicaceae ,,,,,,,,,,,,,,,,,,,,,,,
Gesta gesta,7, Fabaceae ,,,,,,,,,,,,,,,,,,,,,,,
Gideona lucasi,13, Malvaceae ,,,,,,,,,,,,,,,,,,,,,,,
Glabroculus cyane,10, Asteraceae ,,,,,,,,,,,,,,,,,,,,,,,
Glaucopsyche lygdamus,7, Fabaceae ,,,,,,,,,,,,,,,,,,,,,,,
Glennia pylotis,5, Brassicaceae ,,,,,,,,,,,,,,,,,,,,,,,
Glutophrissa drusilla,5, Brassicaceae ,,,,,,,,,,,,,,,,,,,,,,,
Gnophodes parmeno,8, Poaceae ,,,,,,,,,,,,,,,,,,,,,,,
Godyris duillia,6, Euphorbiaceae ,,,,,,,,,,,,,,,,,,,,,,,
Gomalia elma,13, Malvaceae ,,,,,,,,,,,,,,,,,,,,,,,
Gonepteryx rhamni,6, Euphorbiaceae ,,,,,,,,,,,,,,,,,,,,,,,
Gonerilia seraphim,12, Salicaceae ,,,,,,,,,,,,,,,,,,,,,,,
Grais stigmaticus,2, Rutaceae+Insect ,,,,,,,,,,,,,,,,,,,,,,,
Graphium agamemnon,1, Violaceae ,,,,,,,,,,,,,,,,,,,,,,,
Graphium evemon,2, Rutaceae+Insect ,,,,,,,,,,,,,,,,,,,,,,,
Graphium sarpedon,2, Rutaceae+Insect ,,,,,,,,,,,,,,,,,,,,,,,
Greta morgane,6, Euphorbiaceae ,,,,,,,,,,,,,,,,,,,,,,,
Gretna cylinda,8, Poaceae ,,,,,,,,,,,,,,,,,,,,,,,
Gunayan rubricollis,7, Fabaceae ,,,,,,,,,,,,,,,,,,,,,,,
Gyrocheilus patrobas,8, Poaceae ,,,,,,,,,,,,,,,,,,,,,,,
Habrodais grunus,7, Fabaceae ,,,,,,,,,,,,,,,,,,,,,,,
Hades noctula,4, Lamiaceae ,,,,,,,,,,,,,,,,,,,,,,,
Haematera pyrame,13, Malvaceae ,,,,,,,,,,,,,,,,,,,,,,,
Haetera piera,3, Arecaceae ,,,,,,,,,,,,,,,,,,,,,,,
Halotus rica,8, Poaceae ,,,,,,,,,,,,,,,,,,,,,,,
Halpe porus,8, Poaceae ,,,,,,,,,,,,,,,,,,,,,,,
Hamadryas amphinome,10, Asteraceae ,,,,,,,,,,,,,,,,,,,,,,,
Hamanumida daedalus,1, Violaceae ,,,,,,,,,,,,,,,,,,,,,,,
Hamearis lucina,8, Poaceae ,,,,,,,,,,,,,,,,,,,,,,,
Harma theobene,12, Salicaceae ,,,,,,,,,,,,,,,,,,,,,,,
Hasora badra,7, Fabaceae ,,,,,,,,,,,,,,,,,,,,,,,
Hasora chromus,2, Rutaceae+Insect ,,,,,,,,,,,,,,,,,,,,,,,
Hayashikeia courvoisieri,7, Fabaceae ,,,,,,,,,,,,,,,,,,,,,,,
Hebomoia glaucippe,5, Brassicaceae ,,,,,,,,,,,,,,,,,,,,,,,
Helias phalaenoides,2, Rutaceae+Insect ,,,,,,,,,,,,,,,,,,,,,,,
Heliconius atthis,10, Asteraceae ,,,,,,,,,,,,,,,,,,,,,,,
Heliconius besckei,10, Asteraceae ,,,,,,,,,,,,,,,,,,,,,,,
Heliconius charithonia,10, Asteraceae ,,,,,,,,,,,,,,,,,,,,,,,
Heliconius cydno,10, Asteraceae ,,,,,,,,,,,,,,,,,,,,,,,
Heliconius eleuchia,10, Asteraceae ,,,,,,,,,,,,,,,,,,,,,,,
Heliconius elevatus,10, Asteraceae ,,,,,,,,,,,,,,,,,,,,,,,
Heliconius erato,10, Asteraceae ,,,,,,,,,,,,,,,,,,,,,,,
Heliconius ethilla,10, Asteraceae ,,,,,,,,,,,,,,,,,,,,,,,
Heliconius hecale,10, Asteraceae ,,,,,,,,,,,,,,,,,,,,,,,
Heliconius hermathena,10, Asteraceae ,,,,,,,,,,,,,,,,,,,,,,,
Heliconius heurippa,10, Asteraceae ,,,,,,,,,,,,,,,,,,,,,,,
Heliconius hewitsoni,10, Asteraceae ,,,,,,,,,,,,,,,,,,,,,,,
Heliconius himera,10, Asteraceae ,,,,,,,,,,,,,,,,,,,,,,,
Heliconius hortense,10, Asteraceae ,,,,,,,,,,,,,,,,,,,,,,,
Heliconius ismenius,10, Asteraceae ,,,,,,,,,,,,,,,,,,,,,,,
Heliconius melpomene,10, Asteraceae ,,,,,,,,,,,,,,,,,,,,,,,
Heliconius numata,10, Asteraceae ,,,,,,,,,,,,,,,,,,,,,,,
Heliconius pardalinus,10, Asteraceae ,,,,,,,,,,,,,,,,,,,,,,,
Heliconius ricini,10, Asteraceae ,,,,,,,,,,,,,,,,,,,,,,,
Heliconius sapho,10, Asteraceae ,,,,,,,,,,,,,,,,,,,,,,,
Heliconius sara,10, Asteraceae ,,,,,,,,,,,,,,,,,,,,,,,
Heliconius timareta,10, Asteraceae ,,,,,,,,,,,,,,,,,,,,,,,
Heliconius wallacei,10, Asteraceae ,,,,,,,,,,,,,,,,,,,,,,,
Heliconius xanthocles,10, Asteraceae ,,,,,,,,,,,,,,,,,,,,,,,
Helicopis cupido,9, Myrtaceae+Insect ,,,,,,,,,,,,,,,,,,,,,,,
Heliopetes ericetorum,13, Malvaceae ,,,,,,,,,,,,,,,,,,,,,,,
Heliophorus epicles,6, Euphorbiaceae ,,,,,,,,,,,,,,,,,,,,,,,
Heliopyrgus domicella,13, Malvaceae ,,,,,,,,,,,,,,,,,,,,,,,
Hemiolaus caeculus,2, Rutaceae+Insect ,,,,,,,,,,,,,,,,,,,,,,,
Herimosa albovenata,8, Poaceae ,,,,,,,,,,,,,,,,,,,,,,,
Hermeuptychia hermes,8, Poaceae ,,,,,,,,,,,,,,,,,,,,,,,
Hermeuptychia sosybius,8, Poaceae ,,,,,,,,,,,,,,,,,,,,,,,
Herona marathus,11, Cannabaceae ,,,,,,,,,,,,,,,,,,,,,,,
Hesperia comma,8, Poaceae ,,,,,,,,,,,,,,,,,,,,,,,
Hesperia meskei,8, Poaceae ,,,,,,,,,,,,,,,,,,,,,,,
Hesperilla ornata,8, Poaceae ,,,,,,,,,,,,,,,,,,,,,,,
Hesperocharis marchalii,5, Brassicaceae ,,,,,,,,,,,,,,,,,,,,,,,
Hesperopsis alpheus,1, Violaceae ,,,,,,,,,,,,,,,,,,,,,,,
Hestina assimilis,11, Cannabaceae ,,,,,,,,,,,,,,,,,,,,,,,
Hestina persimilis,11, Cannabaceae ,,,,,,,,,,,,,,,,,,,,,,,
Hestinalis nama,7, Fabaceae ,,,,,,,,,,,,,,,,,,,,,,,
Heteronympha merope,8, Poaceae ,,,,,,,,,,,,,,,,,,,,,,,
Heteropterus morpheus,8, Poaceae ,,,,,,,,,,,,,,,,,,,,,,,
Heterosais nephele,6, Euphorbiaceae ,,,,,,,,,,,,,,,,,,,,,,,
Hewitsonia intermedia,11, Cannabaceae ,,,,,,,,,,,,,,,,,,,,,,,
Hewitsoniella migonitis,3, Arecaceae ,,,,,,,,,,,,,,,,,,,,,,,
Hidari irava,3, Arecaceae ,,,,,,,,,,,,,,,,,,,,,,,
Hipparchia senthes,8, Poaceae ,,,,,,,,,,,,,,,,,,,,,,,
Historis odius,7, Fabaceae ,,,,,,,,,,,,,,,,,,,,,,,
Horaga onyx,2, Rutaceae+Insect ,,,,,,,,,,,,,,,,,,,,,,,
Howarthia caelestis,7, Fabaceae ,,,,,,,,,,,,,,,,,,,,,,,
Hyarotis adrastus,3, Arecaceae ,,,,,,,,,,,,,,,,,,,,,,,
Hylephila phyleus,8, Poaceae ,,,,,,,,,,,,,,,,,,,,,,,
Hypanartia lethe,11, Cannabaceae ,,,,,,,,,,,,,,,,,,,,,,,
Hypaurotis crysalus,7, Fabaceae ,,,,,,,,,,,,,,,,,,,,,,,
Hypermnestra helios,4, Lamiaceae ,,,,,,,,,,,,,,,,,,,,,,,
Hyphilaria thasus,12, Salicaceae ,,,,,,,,,,,,,,,,,,,,,,,
Hypna clytemnestra,6, Euphorbiaceae ,,,,,,,,,,,,,,,,,,,,,,,
Hypochrysops polycletus,11, Cannabaceae ,,,,,,,,,,,,,,,,,,,,,,,
Hypoleria lavinia,6, Euphorbiaceae ,,,,,,,,,,,,,,,,,,,,,,,
Hypoleucis tripunctata,13, Malvaceae ,,,,,,,,,,,,,,,,,,,,,,,
Hypolimnas anthedon,10, Asteraceae ,,,,,,,,,,,,,,,,,,,,,,,
Hypolimnas bolina,6, Euphorbiaceae ,,,,,,,,,,,,,,,,,,,,,,,
Hypolimnas misippus,1, Violaceae ,,,,,,,,,,,,,,,,,,,,,,,
Hypolycaena phorbas,12, Salicaceae ,,,,,,,,,,,,,,,,,,,,,,,
Hypolycaena sipylus,4, Lamiaceae ,,,,,,,,,,,,,,,,,,,,,,,
Hyponephele lycaon,8, Poaceae ,,,,,,,,,,,,,,,,,,,,,,,
Hypothyris euclea,6, Euphorbiaceae ,,,,,,,,,,,,,,,,,,,,,,,
Hypsochila wagenknechti,5, Brassicaceae ,,,,,,,,,,,,,,,,,,,,,,,
Iambrix salsala,8, Poaceae ,,,,,,,,,,,,,,,,,,,,,,,
Idea leuconoe,10, Asteraceae ,,,,,,,,,,,,,,,,,,,,,,,
Ideopsis gaura,10, Asteraceae ,,,,,,,,,,,,,,,,,,,,,,,
Ideopsis vitrea,10, Asteraceae ,,,,,,,,,,,,,,,,,,,,,,,
Inbio hilara,8, Poaceae ,,,,,,,,,,,,,,,,,,,,,,,
Iolana iolas,7, Fabaceae ,,,,,,,,,,,,,,,,,,,,,,,
Iophanus pyrrhias,6, Euphorbiaceae ,,,,,,,,,,,,,,,,,,,,,,,
Iphiclides podalirius,6, Euphorbiaceae ,,,,,,,,,,,,,,,,,,,,,,,
Ipidecla miadora,7, Fabaceae ,,,,,,,,,,,,,,,,,,,,,,,
Iraota rochana,3, Arecaceae ,,,,,,,,,,,,,,,,,,,,,,,
Iratsume orsedice,2, Rutaceae+Insect ,,,,,,,,,,,,,,,,,,,,,,,
Iridana perdita,11, Cannabaceae ,,,,,,,,,,,,,,,,,,,,,,,
Isma bononia,4, Lamiaceae ,,,,,,,,,,,,,,,,,,,,,,,
Isoteinon lamprospilus,8, Poaceae ,,,,,,,,,,,,,,,,,,,,,,,
Issoria baumanni,1, Violaceae ,,,,,,,,,,,,,,,,,,,,,,,
Issoria lathonia,1, Violaceae ,,,,,,,,,,,,,,,,,,,,,,,
Ithomia drymo,6, Euphorbiaceae ,,,,,,,,,,,,,,,,,,,,,,,
Ithomia patilla,6, Euphorbiaceae ,,,,,,,,,,,,,,,,,,,,,,,
Ixias pyrene,5, Brassicaceae ,,,,,,,,,,,,,,,,,,,,,,,
Jacoona anasuja,6, Euphorbiaceae ,,,,,,,,,,,,,,,,,,,,,,,
Jalmenus evagoras,7, Fabaceae ,,,,,,,,,,,,,,,,,,,,,,,
Jameela palmyra,6, Euphorbiaceae ,,,,,,,,,,,,,,,,,,,,,,,
Jamides bochus,7, Fabaceae ,,,,,,,,,,,,,,,,,,,,,,,
Japonica saepestriata,7, Fabaceae ,,,,,,,,,,,,,,,,,,,,,,,
Jemadia pseudognetus,2, Rutaceae+Insect ,,,,,,,,,,,,,,,,,,,,,,,
Juditha caucana,10, Asteraceae ,,,,,,,,,,,,,,,,,,,,,,,
Junea doraete,8, Poaceae ,,,,,,,,,,,,,,,,,,,,,,,
Junonia coenia,5, Brassicaceae ,,,,,,,,,,,,,,,,,,,,,,,
Junonia natalica,4, Lamiaceae ,,,,,,,,,,,,,,,,,,,,,,,
Kallima limborgii,8, Poaceae ,,,,,,,,,,,,,,,,,,,,,,,
Kallima paralekta,8, Poaceae ,,,,,,,,,,,,,,,,,,,,,,,
Kallimoides rumia,8, Poaceae ,,,,,,,,,,,,,,,,,,,,,,,
Kaniska canace,5, Brassicaceae ,,,,,,,,,,,,,,,,,,,,,,,
Kedestes barberae,8, Poaceae ,,,,,,,,,,,,,,,,,,,,,,,
Kirinia epimenides,8, Poaceae ,,,,,,,,,,,,,,,,,,,,,,,
Kisutam syllis,13, Malvaceae ,,,,,,,,,,,,,,,,,,,,,,,
Kolana ligurina,13, Malvaceae ,,,,,,,,,,,,,,,,,,,,,,,
Kretania psylorita,7, Fabaceae ,,,,,,,,,,,,,,,,,,,,,,,
Kricogonia lyside,4, Lamiaceae ,,,,,,,,,,,,,,,,,,,,,,,
Lachnocnema bibulus,9, Myrtaceae+Insect ,,,,,,,,,,,,,,,,,,,,,,,
Lachnoptera ayresii,12, Salicaceae ,,,,,,,,,,,,,,,,,,,,,,,
Laeosopis roboris,2, Rutaceae+Insect ,,,,,,,,,,,,,,,,,,,,,,,
Lampides boeticus,7, Fabaceae ,,,,,,,,,,,,,,,,,,,,,,,
Lamprolenis nitida,8, Poaceae ,,,,,,,,,,,,,,,,,,,,,,,
Lamproptera curius,2, Rutaceae+Insect ,,,,,,,,,,,,,,,,,,,,,,,
Lamproptera meges,2, Rutaceae+Insect ,,,,,,,,,,,,,,,,,,,,,,,
Laothus barajo,10, Asteraceae ,,,,,,,,,,,,,,,,,,,,,,,
Lasaia agesilas,7, Fabaceae ,,,,,,,,,,,,,,,,,,,,,,,
Lasaia sula,7, Fabaceae ,,,,,,,,,,,,,,,,,,,,,,,
Lasiommata megera,8, Poaceae ,,,,,,,,,,,,,,,,,,,,,,,
Lebadea martha,6, Euphorbiaceae ,,,,,,,,,,,,,,,,,,,,,,,
Lemonias zygia,6, Euphorbiaceae ,,,,,,,,,,,,,,,,,,,,,,,
Leodonta tellane,12, Salicaceae ,,,,,,,,,,,,,,,,,,,,,,,
Lepella lepeletier,13, Malvaceae ,,,,,,,,,,,,,,,,,,,,,,,
Lepidochrysops patricia,4, Lamiaceae ,,,,,,,,,,,,,,,,,,,,,,,
Leptalina unicolor,8, Poaceae ,,,,,,,,,,,,,,,,,,,,,,,
Leptidea juvernica,7, Fabaceae ,,,,,,,,,,,,,,,,,,,,,,,
Leptidea reali,7, Fabaceae ,,,,,,,,,,,,,,,,,,,,,,,
Leptidea sinapis,7, Fabaceae ,,,,,,,,,,,,,,,,,,,,,,,
Leptomyrina gorgias,11, Cannabaceae ,,,,,,,,,,,,,,,,,,,,,,,
Leptophobia eleone,5, Brassicaceae ,,,,,,,,,,,,,,,,,,,,,,,
Leptosia alcesta,5, Brassicaceae ,,,,,,,,,,,,,,,,,,,,,,,
Leptotes cassius,10, Asteraceae ,,,,,,,,,,,,,,,,,,,,,,,
Lerema accius,8, Poaceae ,,,,,,,,,,,,,,,,,,,,,,,
Lerodea eufala,8, Poaceae ,,,,,,,,,,,,,,,,,,,,,,,
Lethe anthedon,9, Myrtaceae+Insect ,,,,,,,,,,,,,,,,,,,,,,,
Lethe dura,8, Poaceae ,,,,,,,,,,,,,,,,,,,,,,,
Lethe europa,8, Poaceae ,,,,,,,,,,,,,,,,,,,,,,,
Lethe rohria,8, Poaceae ,,,,,,,,,,,,,,,,,,,,,,,
Leucantigius atayalica,7, Fabaceae ,,,,,,,,,,,,,,,,,,,,,,,
Leucidia brephos,7, Fabaceae ,,,,,,,,,,,,,,,,,,,,,,,
Leucochimona icare,4, Lamiaceae ,,,,,,,,,,,,,,,,,,,,,,,
Leucochitonea levubu,13, Malvaceae ,,,,,,,,,,,,,,,,,,,,,,,
Lexias aeropa,10, Asteraceae ,,,,,,,,,,,,,,,,,,,,,,,
Libythea celtis,11, Cannabaceae ,,,,,,,,,,,,,,,,,,,,,,,
Libythea lepita,11, Cannabaceae ,,,,,,,,,,,,,,,,,,,,,,,
Lieinix nemesis,7, Fabaceae ,,,,,,,,,,,,,,,,,,,,,,,
Limenitis arthemis,12, Salicaceae ,,,,,,,,,,,,,,,,,,,,,,,
Limenitis cottini,12, Salicaceae ,,,,,,,,,,,,,,,,,,,,,,,
Limenitis populi,12, Salicaceae ,,,,,,,,,,,,,,,,,,,,,,,
Limenitis sulpitia,11, Cannabaceae ,,,,,,,,,,,,,,,,,,,,,,,
Lipaphnaeus aderna,8, Poaceae ,,,,,,,,,,,,,,,,,,,,,,,
Liphyra brassolis,13, Malvaceae ,,,,,,,,,,,,,,,,,,,,,,,
Lobotractus valeriana,7, Fabaceae ,,,,,,,,,,,,,,,,,,,,,,,
Logania malayica,9, Myrtaceae+Insect ,,,,,,,,,,,,,,,,,,,,,,,
Lon zabulon,8, Poaceae ,,,,,,,,,,,,,,,,,,,,,,,
Lasiommata deidamia,8, Poaceae ,,,,,,,,,,,,,,,,,,,,,,,
Losaria coon,12, Salicaceae ,,,,,,,,,,,,,,,,,,,,,,,
Losaria neptunus,2, Rutaceae+Insect ,,,,,,,,,,,,,,,,,,,,,,,
Lotongus calathus,3, Arecaceae ,,,,,,,,,,,,,,,,,,,,,,,
Loxura atymnus,5, Brassicaceae ,,,,,,,,,,,,,,,,,,,,,,,
Lucia limbaria,4, Lamiaceae ,,,,,,,,,,,,,,,,,,,,,,,
Lucinia cadma,10, Asteraceae ,,,,,,,,,,,,,,,,,,,,,,,
Luehdorfia japonica,8, Poaceae ,,,,,,,,,,,,,,,,,,,,,,,
Luehdorfia puziloi,8, Poaceae ,,,,,,,,,,,,,,,,,,,,,,,
Luthrodes cleotas,12, Salicaceae ,,,,,,,,,,,,,,,,,,,,,,,
Lycaena hippothoe,6, Euphorbiaceae ,,,,,,,,,,,,,,,,,,,,,,,
Lycas argentea,8, Poaceae ,,,,,,,,,,,,,,,,,,,,,,,
Lychnuchoides ozias,8, Poaceae ,,,,,,,,,,,,,,,,,,,,,,,
Lycorea halia,3, Arecaceae ,,,,,,,,,,,,,,,,,,,,,,,
Lysandra coridon,7, Fabaceae ,,,,,,,,,,,,,,,,,,,,,,,
Macrosoma hyacinthina,13, Malvaceae ,,,,,,,,,,,,,,,,,,,,,,,
Macrosoma rubedinaria,13, Malvaceae ,,,,,,,,,,,,,,,,,,,,,,,
Macrosoma tipulata,13, Malvaceae ,,,,,,,,,,,,,,,,,,,,,,,
Magnastigma hirsuta,2, Rutaceae+Insect ,,,,,,,,,,,,,,,,,,,,,,,
Magneuptychia alcinoe,8, Poaceae ,,,,,,,,,,,,,,,,,,,,,,,
Magneuptychia libye,8, Poaceae ,,,,,,,,,,,,,,,,,,,,,,,
Magneuptychia ocnus,8, Poaceae ,,,,,,,,,,,,,,,,,,,,,,,
Mahathala ameria,10, Asteraceae ,,,,,,,,,,,,,,,,,,,,,,,
Manataria maculata,8, Poaceae ,,,,,,,,,,,,,,,,,,,,,,,
Mandarinia regalis,4, Lamiaceae ,,,,,,,,,,,,,,,,,,,,,,,
Maniola jurtina,8, Poaceae ,,,,,,,,,,,,,,,,,,,,,,,
Manto hypoleuca,6, Euphorbiaceae ,,,,,,,,,,,,,,,,,,,,,,,
Marpesia eleuchea,3, Arecaceae ,,,,,,,,,,,,,,,,,,,,,,,
Matapa aria,8, Poaceae ,,,,,,,,,,,,,,,,,,,,,,,
Mathania aureomaculata,6, Euphorbiaceae ,,,,,,,,,,,,,,,,,,,,,,,
Maurus vogelii,4, Lamiaceae ,,,,,,,,,,,,,,,,,,,,,,,
Mcclungia cymo,6, Euphorbiaceae ,,,,,,,,,,,,,,,,,,,,,,,
Meandrusa lachinus,2, Rutaceae+Insect ,,,,,,,,,,,,,,,,,,,,,,,
Mechanitis lysimnia,6, Euphorbiaceae ,,,,,,,,,,,,,,,,,,,,,,,
Mechanitis polymnia,6, Euphorbiaceae ,,,,,,,,,,,,,,,,,,,,,,,
Megathymus streckeri,2, Rutaceae+Insect ,,,,,,,,,,,,,,,,,,,,,,,
Megathymus ursus,2, Rutaceae+Insect ,,,,,,,,,,,,,,,,,,,,,,,
Megathymus yuccae,2, Rutaceae+Insect ,,,,,,,,,,,,,,,,,,,,,,,
Megeuptychia antonoe,8, Poaceae ,,,,,,,,,,,,,,,,,,,,,,,
Megisba malaya,6, Euphorbiaceae ,,,,,,,,,,,,,,,,,,,,,,,
Megisto cymela,8, Poaceae ,,,,,,,,,,,,,,,,,,,,,,,
Melampias huebneri,8, Poaceae ,,,,,,,,,,,,,,,,,,,,,,,
Melanargia galathea,3, Arecaceae ,,,,,,,,,,,,,,,,,,,,,,,
Melanis pixe,7, Fabaceae ,,,,,,,,,,,,,,,,,,,,,,,
Melanitis leda,8, Poaceae ,,,,,,,,,,,,,,,,,,,,,,,
Melanocyma faunula,3, Arecaceae ,,,,,,,,,,,,,,,,,,,,,,,
Melanolycaena altimontana,6, Euphorbiaceae ,,,,,,,,,,,,,,,,,,,,,,,
Melete lycimnia,12, Salicaceae ,,,,,,,,,,,,,,,,,,,,,,,
Melinaea menophilus,6, Euphorbiaceae ,,,,,,,,,,,,,,,,,,,,,,,
Melitaea cinxia,1, Violaceae ,,,,,,,,,,,,,,,,,,,,,,,
Melphinyet flavina,6, Euphorbiaceae ,,,,,,,,,,,,,,,,,,,,,,,
Melphinyet tarace,6, Euphorbiaceae ,,,,,,,,,,,,,,,,,,,,,,,
Memphis pithyusa,6, Euphorbiaceae ,,,,,,,,,,,,,,,,,,,,,,,
Mesene croceella,7, Fabaceae ,,,,,,,,,,,,,,,,,,,,,,,
Mesene phareus,13, Malvaceae ,,,,,,,,,,,,,,,,,,,,,,,
Mesodina halyzia,9, Myrtaceae+Insect ,,,,,,,,,,,,,,,,,,,,,,,
Mesosemia grandis,4, Lamiaceae ,,,,,,,,,,,,,,,,,,,,,,,
Mesoxantha ethosea,4, Lamiaceae ,,,,,,,,,,,,,,,,,,,,,,,
Mestra dorcas,6, Euphorbiaceae ,,,,,,,,,,,,,,,,,,,,,,,
Metacharis umbrata,2, Rutaceae+Insect ,,,,,,,,,,,,,,,,,,,,,,,
Metamorpha elissa,8, Poaceae ,,,,,,,,,,,,,,,,,,,,,,,
Methona themisto,2, Rutaceae+Insect ,,,,,,,,,,,,,,,,,,,,,,,
Metisella metis,8, Poaceae ,,,,,,,,,,,,,,,,,,,,,,,
Meza meza,8, Poaceae ,,,,,,,,,,,,,,,,,,,,,,,
Michaelus ira,6, Euphorbiaceae ,,,,,,,,,,,,,,,,,,,,,,,
Microceris iphinous,1, Violaceae ,,,,,,,,,,,,,,,,,,,,,,,
Microceris patrobas,13, Malvaceae ,,,,,,,,,,,,,,,,,,,,,,,
Microceris scylla,9, Myrtaceae+Insect ,,,,,,,,,,,,,,,,,,,,,,,
Microceris variicolor,7, Fabaceae ,,,,,,,,,,,,,,,,,,,,,,,
Microtia elva,8, Poaceae ,,,,,,,,,,,,,,,,,,,,,,,
Miletus symethus,9, Myrtaceae+Insect ,,,,,,,,,,,,,,,,,,,,,,,
Mimathyma chevana,12, Salicaceae ,,,,,,,,,,,,,,,,,,,,,,,
Mimeresia libentina,11, Cannabaceae ,,,,,,,,,,,,,,,,,,,,,,,
Mimoides xynias,2, Rutaceae+Insect ,,,,,,,,,,,,,,,,,,,,,,,
Mimoniades ocyalus,9, Myrtaceae+Insect ,,,,,,,,,,,,,,,,,,,,,,,
Ministrymon leda,7, Fabaceae ,,,,,,,,,,,,,,,,,,,,,,,
Minois dryas,8, Poaceae ,,,,,,,,,,,,,,,,,,,,,,,
Mnasilus allubita,8, Poaceae ,,,,,,,,,,,,,,,,,,,,,,,
Moduza procris,4, Lamiaceae ,,,,,,,,,,,,,,,,,,,,,,,
Moeros moeros,3, Arecaceae ,,,,,,,,,,,,,,,,,,,,,,,
Monza punctata,8, Poaceae ,,,,,,,,,,,,,,,,,,,,,,,
Morpho helenor,1, Violaceae ,,,,,,,,,,,,,,,,,,,,,,,
Morphopsis albertisi,3, Arecaceae ,,,,,,,,,,,,,,,,,,,,,,,
Morvina morvus,7, Fabaceae ,,,,,,,,,,,,,,,,,,,,,,,
Morys compta,8, Poaceae ,,,,,,,,,,,,,,,,,,,,,,,
Mota massyla,7, Fabaceae ,,,,,,,,,,,,,,,,,,,,,,,
Motasingha trimaculata,8, Poaceae ,,,,,,,,,,,,,,,,,,,,,,,
Muschampia lavatherae,4, Lamiaceae ,,,,,,,,,,,,,,,,,,,,,,,
Mycalesis francisca,8, Poaceae ,,,,,,,,,,,,,,,,,,,,,,,
Mygona irmina,8, Poaceae ,,,,,,,,,,,,,,,,,,,,,,,
Mylothris chloris,12, Salicaceae ,,,,,,,,,,,,,,,,,,,,,,,
Myrina silenus,3, Arecaceae ,,,,,,,,,,,,,,,,,,,,,,,
Myscelia cyaniris,6, Euphorbiaceae ,,,,,,,,,,,,,,,,,,,,,,,
Myscelia orsis,6, Euphorbiaceae ,,,,,,,,,,,,,,,,,,,,,,,
Myscelus amystis,13, Malvaceae ,,,,,,,,,,,,,,,,,,,,,,,
Myscelus epimachia,13, Malvaceae ,,,,,,,,,,,,,,,,,,,,,,,
Myscelus nobilis,7, Fabaceae ,,,,,,,,,,,,,,,,,,,,,,,
Mysoria barcastus,12, Salicaceae ,,,,,,,,,,,,,,,,,,,,,,,
Nabokovia faga,7, Fabaceae ,,,,,,,,,,,,,,,,,,,,,,,
Nacaduba kurava,13, Malvaceae ,,,,,,,,,,,,,,,,,,,,,,,
Napaea eucharila,4, Lamiaceae ,,,,,,,,,,,,,,,,,,,,,,,
Napeocles jucunda,8, Poaceae ,,,,,,,,,,,,,,,,,,,,,,,
Narcosius colossus,7, Fabaceae ,,,,,,,,,,,,,,,,,,,,,,,
Narope sutor,8, Poaceae ,,,,,,,,,,,,,,,,,,,,,,,
Nascus phocus,13, Malvaceae ,,,,,,,,,,,,,,,,,,,,,,,
Nastra julia,8, Poaceae ,,,,,,,,,,,,,,,,,,,,,,,
Nathalis iole,4, Lamiaceae ,,,,,,,,,,,,,,,,,,,,,,,
Neaveia lamborni,9, Myrtaceae+Insect ,,,,,,,,,,,,,,,,,,,,,,,
Neita neita,8, Poaceae ,,,,,,,,,,,,,,,,,,,,,,,
Nelia nemyroides,8, Poaceae ,,,,,,,,,,,,,,,,,,,,,,,
Neocoenyra duplex,8, Poaceae ,,,,,,,,,,,,,,,,,,,,,,,
Neohesperilla croceus,8, Poaceae ,,,,,,,,,,,,,,,,,,,,,,,
Neohesperilla xanthomera,8, Poaceae ,,,,,,,,,,,,,,,,,,,,,,,
Neolucia agricola,7, Fabaceae ,,,,,,,,,,,,,,,,,,,,,,,
Neolysandra diana,7, Fabaceae ,,,,,,,,,,,,,,,,,,,,,,,
Neominois ridingsii,8, Poaceae ,,,,,,,,,,,,,,,,,,,,,,,
Neomyrina nivea,1, Violaceae ,,,,,,,,,,,,,,,,,,,,,,,
Neonympha areolatus,8, Poaceae ,,,,,,,,,,,,,,,,,,,,,,,
Neophasia menapia,8, Poaceae ,,,,,,,,,,,,,,,,,,,,,,,
Neopithecops zalmora,10, Asteraceae ,,,,,,,,,,,,,,,,,,,,,,,
Neorina crishna,3, Arecaceae ,,,,,,,,,,,,,,,,,,,,,,,
Neoxeniades braesia,8, Poaceae ,,,,,,,,,,,,,,,,,,,,,,,
Neozephyrus japonica,12, Salicaceae ,,,,,,,,,,,,,,,,,,,,,,,
Neozephyrus orientalis,9, Myrtaceae+Insect ,,,,,,,,,,,,,,,,,,,,,,,
Neptidopsis ophione,6, Euphorbiaceae ,,,,,,,,,,,,,,,,,,,,,,,
Neptis sappho,12, Salicaceae ,,,,,,,,,,,,,,,,,,,,,,,
Neruda aoede,10, Asteraceae ,,,,,,,,,,,,,,,,,,,,,,,
Nesoxenica leprea,8, Poaceae ,,,,,,,,,,,,,,,,,,,,,,,
Nessaea aglaura,6, Euphorbiaceae ,,,,,,,,,,,,,,,,,,,,,,,
Netrobalane canopus,13, Malvaceae ,,,,,,,,,,,,,,,,,,,,,,,
Netrocoryne repanda,2, Rutaceae+Insect ,,,,,,,,,,,,,,,,,,,,,,,
Neurellipes lusones,6, Euphorbiaceae ,,,,,,,,,,,,,,,,,,,,,,,
Nica flavilla,13, Malvaceae ,,,,,,,,,,,,,,,,,,,,,,,
Ninguta schrenkii,8, Poaceae ,,,,,,,,,,,,,,,,,,,,,,,
Niphanda fusca,9, Myrtaceae+Insect ,,,,,,,,,,,,,,,,,,,,,,,
Noctuana haematospila,6, Euphorbiaceae ,,,,,,,,,,,,,,,,,,,,,,,
Nosea hainanensis,8, Poaceae ,,,,,,,,,,,,,,,,,,,,,,,
Notheme erota,8, Poaceae ,,,,,,,,,,,,,,,,,,,,,,,
Nothodanis schaeffera,10, Asteraceae ,,,,,,,,,,,,,,,,,,,,,,,
Notocrypta curvifascia,3, Arecaceae ,,,,,,,,,,,,,,,,,,,,,,,
Notocrypta feisthamelii,3, Arecaceae ,,,,,,,,,,,,,,,,,,,,,,,
Nyctelius nyctelius,8, Poaceae ,,,,,,,,,,,,,,,,,,,,,,,
Nymphalis antiopa,12, Salicaceae ,,,,,,,,,,,,,,,,,,,,,,,
Nymphalis xanthomelas,12, Salicaceae ,,,,,,,,,,,,,,,,,,,,,,,
Nymphidium caricae,7, Fabaceae ,,,,,,,,,,,,,,,,,,,,,,,
Nymphidium onaeum,11, Cannabaceae ,,,,,,,,,,,,,,,,,,,,,,,
Oarisma garita,8, Poaceae ,,,,,,,,,,,,,,,,,,,,,,,
Oboronia punctatus,3, Arecaceae ,,,,,,,,,,,,,,,,,,,,,,,
Ocaria ocrisia,13, Malvaceae ,,,,,,,,,,,,,,,,,,,,,,,
Ochlodes sylvanoides,8, Poaceae ,,,,,,,,,,,,,,,,,,,,,,,
Ocybadistes flavovittata,8, Poaceae ,,,,,,,,,,,,,,,,,,,,,,,
Ocybadistes walkeri,8, Poaceae ,,,,,,,,,,,,,,,,,,,,,,,
Odina hieroglyphica,6, Euphorbiaceae ,,,,,,,,,,,,,,,,,,,,,,,
Odontoptilum angulata,13, Malvaceae ,,,,,,,,,,,,,,,,,,,,,,,
Oeneis norna,8, Poaceae ,,,,,,,,,,,,,,,,,,,,,,,
Oenomaus ortygnus,1, Violaceae ,,,,,,,,,,,,,,,,,,,,,,,
Oerane microthyrus,3, Arecaceae ,,,,,,,,,,,,,,,,,,,,,,,
Ogyris amaryllis,6, Euphorbiaceae ,,,,,,,,,,,,,,,,,,,,,,,
Oleria aquata,6, Euphorbiaceae ,,,,,,,,,,,,,,,,,,,,,,,
Oligoria maculata,8, Poaceae ,,,,,,,,,,,,,,,,,,,,,,,
Olyras crathis,6, Euphorbiaceae ,,,,,,,,,,,,,,,,,,,,,,,
Onophas columbaria,3, Arecaceae ,,,,,,,,,,,,,,,,,,,,,,,
Opoptera aorsa,8, Poaceae ,,,,,,,,,,,,,,,,,,,,,,,
Opsiphanes tamarindi,3, Arecaceae ,,,,,,,,,,,,,,,,,,,,,,,
Optimandes eugenia,8, Poaceae ,,,,,,,,,,,,,,,,,,,,,,,
Orachrysops niobe,7, Fabaceae ,,,,,,,,,,,,,,,,,,,,,,,
Oraidium barberae,1, Violaceae ,,,,,,,,,,,,,,,,,,,,,,,
Oreisplanus munionga,8, Poaceae ,,,,,,,,,,,,,,,,,,,,,,,
Oreixenica lathoniella,8, Poaceae ,,,,,,,,,,,,,,,,,,,,,,,
Oressinoma typhla,8, Poaceae ,,,,,,,,,,,,,,,,,,,,,,,
Oriens gola,8, Poaceae ,,,,,,,,,,,,,,,,,,,,,,,
Orinoma damaris,8, Poaceae ,,,,,,,,,,,,,,,,,,,,,,,
Ornithoptera richmondia,8, Poaceae ,,,,,,,,,,,,,,,,,,,,,,,
Orphe gerasa,3, Arecaceae ,,,,,,,,,,,,,,,,,,,,,,,
Orses cynisca,3, Arecaceae ,,,,,,,,,,,,,,,,,,,,,,,
Orsotriaena medus,8, Poaceae ,,,,,,,,,,,,,,,,,,,,,,,
Ortilia liriope,10, Asteraceae ,,,,,,,,,,,,,,,,,,,,,,,
Osmodes laronia,8, Poaceae ,,,,,,,,,,,,,,,,,,,,,,,
Oxynetra stangelandi,6, Euphorbiaceae ,,,,,,,,,,,,,,,,,,,,,,,
Oxynthes corusca,8, Poaceae ,,,,,,,,,,,,,,,,,,,,,,,
Pachliopta aristolochiae,8, Poaceae ,,,,,,,,,,,,,,,,,,,,,,,
Pachliopta kotzebuea,8, Poaceae ,,,,,,,,,,,,,,,,,,,,,,,
Pachythone gigas,11, Cannabaceae ,,,,,,,,,,,,,,,,,,,,,,,
Pachythone xanthe,9, Myrtaceae+Insect ,,,,,,,,,,,,,,,,,,,,,,,
Pagyris cymothoe,6, Euphorbiaceae ,,,,,,,,,,,,,,,,,,,,,,,
Palaeonympha opalina,8, Poaceae ,,,,,,,,,,,,,,,,,,,,,,,
Palla ussheri,5, Brassicaceae ,,,,,,,,,,,,,,,,,,,,,,,
Panacea procilla,6, Euphorbiaceae ,,,,,,,,,,,,,,,,,,,,,,,
Pandita sinope,4, Lamiaceae ,,,,,,,,,,,,,,,,,,,,,,,
Panoquina lucas,8, Poaceae ,,,,,,,,,,,,,,,,,,,,,,,
Panoquina ocola,8, Poaceae ,,,,,,,,,,,,,,,,,,,,,,,
Panoquina panoquin,8, Poaceae ,,,,,,,,,,,,,,,,,,,,,,,
Panthiades hebraeus,6, Euphorbiaceae ,,,,,,,,,,,,,,,,,,,,,,,
Pantoporia hordonia,7, Fabaceae ,,,,,,,,,,,,,,,,,,,,,,,
Panyapedaliodes drymaea,8, Poaceae ,,,,,,,,,,,,,,,,,,,,,,,
Papias subcostulata,8, Poaceae ,,,,,,,,,,,,,,,,,,,,,,,
Papilio alexanor,9, Myrtaceae+Insect ,,,,,,,,,,,,,,,,,,,,,,,
Papilio ambrax,4, Lamiaceae ,,,,,,,,,,,,,,,,,,,,,,,
Papilio aristodemus,2, Rutaceae+Insect ,,,,,,,,,,,,,,,,,,,,,,,
Papilio clytia,2, Rutaceae+Insect ,,,,,,,,,,,,,,,,,,,,,,,
Papilio cresphontes,2, Rutaceae+Insect ,,,,,,,,,,,,,,,,,,,,,,,
Papilio deiphobus,2, Rutaceae+Insect ,,,,,,,,,,,,,,,,,,,,,,,
Papilio elwesi,2, Rutaceae+Insect ,,,,,,,,,,,,,,,,,,,,,,,
Papilio gigon,2, Rutaceae+Insect ,,,,,,,,,,,,,,,,,,,,,,,
Papilio glaucus,2, Rutaceae+Insect ,,,,,,,,,,,,,,,,,,,,,,,
Papilio joanae,9, Myrtaceae+Insect ,,,,,,,,,,,,,,,,,,,,,,,
Papilio machaon,2, Rutaceae+Insect ,,,,,,,,,,,,,,,,,,,,,,,
Papilio memnon,2, Rutaceae+Insect ,,,,,,,,,,,,,,,,,,,,,,,
Papilio phestus,2, Rutaceae+Insect ,,,,,,,,,,,,,,,,,,,,,,,
Papilio polytes,2, Rutaceae+Insect ,,,,,,,,,,,,,,,,,,,,,,,
Papilio polyxenes,9, Myrtaceae+Insect ,,,,,,,,,,,,,,,,,,,,,,,
Papilio protenor,2, Rutaceae+Insect ,,,,,,,,,,,,,,,,,,,,,,,
Papilio slateri,2, Rutaceae+Insect ,,,,,,,,,,,,,,,,,,,,,,,
Papilio thoas,2, Rutaceae+Insect ,,,,,,,,,,,,,,,,,,,,,,,
Papilio troilus,2, Rutaceae+Insect ,,,,,,,,,,,,,,,,,,,,,,,
Papilio xuthus,2, Rutaceae+Insect ,,,,,,,,,,,,,,,,,,,,,,,
Papilio zelicaon,9, Myrtaceae+Insect ,,,,,,,,,,,,,,,,,,,,,,,
Paracarystus hypargyra,8, Poaceae ,,,,,,,,,,,,,,,,,,,,,,,
Parachoranthus magdalia,8, Poaceae ,,,,,,,,,,,,,,,,,,,,,,,
Paralethe dendrophilus,8, Poaceae ,,,,,,,,,,,,,,,,,,,,,,,
Paralucia pyrodiscus,3, Arecaceae ,,,,,,,,,,,,,,,,,,,,,,,
Paramacera xicaque,8, Poaceae ,,,,,,,,,,,,,,,,,,,,,,,
Paramimus scurra,1, Violaceae ,,,,,,,,,,,,,,,,,,,,,,,
Parantica aglea,10, Asteraceae ,,,,,,,,,,,,,,,,,,,,,,,
Parantica sita,10, Asteraceae ,,,,,,,,,,,,,,,,,,,,,,,
Pararge aegeria,8, Poaceae ,,,,,,,,,,,,,,,,,,,,,,,
Parasarpa daraxa,12, Salicaceae ,,,,,,,,,,,,,,,,,,,,,,,
Paratisiphone lyrnessa,8, Poaceae ,,,,,,,,,,,,,,,,,,,,,,,
Paratrytone snowi,8, Poaceae ,,,,,,,,,,,,,,,,,,,,,,,
Pardaleodes edipus,8, Poaceae ,,,,,,,,,,,,,,,,,,,,,,,
Pardaleodes incerta,8, Poaceae ,,,,,,,,,,,,,,,,,,,,,,,
Pardopsis punctatissima,1, Violaceae ,,,,,,,,,,,,,,,,,,,,,,,
Parelbella ahira,9, Myrtaceae+Insect ,,,,,,,,,,,,,,,,,,,,,,,
Parelbella macleannani,9, Myrtaceae+Insect ,,,,,,,,,,,,,,,,,,,,,,,
Pareronia valeria,5, Brassicaceae ,,,,,,,,,,,,,,,,,,,,,,,
Pareuptychia hesionides,8, Poaceae ,,,,,,,,,,,,,,,,,,,,,,,
Pareuptychia ocirrhoe,8, Poaceae ,,,,,,,,,,,,,,,,,,,,,,,
Parides agavus,8, Poaceae ,,,,,,,,,,,,,,,,,,,,,,,
Parides eurimedes,8, Poaceae ,,,,,,,,,,,,,,,,,,,,,,,
Parides photinus,8, Poaceae ,,,,,,,,,,,,,,,,,,,,,,,
Parnara apostata,8, Poaceae ,,,,,,,,,,,,,,,,,,,,,,,
Parnara guttatus,8, Poaceae ,,,,,,,,,,,,,,,,,,,,,,,
Parnassius apollo,11, Cannabaceae ,,,,,,,,,,,,,,,,,,,,,,,
Parnassius imperator,10, Asteraceae ,,,,,,,,,,,,,,,,,,,,,,,
Parnassius smintheus,11, Cannabaceae ,,,,,,,,,,,,,,,,,,,,,,,
Parosmodes morantii,9, Myrtaceae+Insect ,,,,,,,,,,,,,,,,,,,,,,,
Parrhasius polibetes,11, Cannabaceae ,,,,,,,,,,,,,,,,,,,,,,,
Parthenos sylvina,10, Asteraceae ,,,,,,,,,,,,,,,,,,,,,,,
Paryphthimoides poltys,8, Poaceae ,,,,,,,,,,,,,,,,,,,,,,,
Pasma tasmanicus,8, Poaceae ,,,,,,,,,,,,,,,,,,,,,,,
Passova gellias,13, Malvaceae ,,,,,,,,,,,,,,,,,,,,,,,
Passova passova,13, Malvaceae ,,,,,,,,,,,,,,,,,,,,,,,
Patricia dercyllidas,6, Euphorbiaceae ,,,,,,,,,,,,,,,,,,,,,,,
Patsuia sinensium,12, Salicaceae ,,,,,,,,,,,,,,,,,,,,,,,
Pellicia arina,2, Rutaceae+Insect ,,,,,,,,,,,,,,,,,,,,,,,
Pellicia dimidiata,6, Euphorbiaceae ,,,,,,,,,,,,,,,,,,,,,,,
Pelopidas mathias,8, Poaceae ,,,,,,,,,,,,,,,,,,,,,,,
Penthema adelma,8, Poaceae ,,,,,,,,,,,,,,,,,,,,,,,
Pentila pauli,11, Cannabaceae ,,,,,,,,,,,,,,,,,,,,,,,
Pentila tropicalis,11, Cannabaceae ,,,,,,,,,,,,,,,,,,,,,,,
Perichares lotus,8, Poaceae ,,,,,,,,,,,,,,,,,,,,,,,
Periplacis pretus,12, Salicaceae ,,,,,,,,,,,,,,,,,,,,,,,
Perisama bomplandii,13, Malvaceae ,,,,,,,,,,,,,,,,,,,,,,,
Perophthalma lasus,4, Lamiaceae ,,,,,,,,,,,,,,,,,,,,,,,
Perrhybris pamela,5, Brassicaceae ,,,,,,,,,,,,,,,,,,,,,,,
Petrelaea dana,9, Myrtaceae+Insect ,,,,,,,,,,,,,,,,,,,,,,,
Phaedyma columella,11, Cannabaceae ,,,,,,,,,,,,,,,,,,,,,,,
Phaeostrymon alcestis,13, Malvaceae ,,,,,,,,,,,,,,,,,,,,,,,
Phalanta eurytis,12, Salicaceae ,,,,,,,,,,,,,,,,,,,,,,,
Phalanta phalantha,1, Violaceae ,,,,,,,,,,,,,,,,,,,,,,,
Phanus vitreus,7, Fabaceae ,,,,,,,,,,,,,,,,,,,,,,,
Phareas coeleste,7, Fabaceae ,,,,,,,,,,,,,,,,,,,,,,,
Pharmacophagus antenor,9, Myrtaceae+Insect ,,,,,,,,,,,,,,,,,,,,,,,
Pharneuptychia phares,8, Poaceae ,,,,,,,,,,,,,,,,,,,,,,,
Phasis pringlei,13, Malvaceae ,,,,,,,,,,,,,,,,,,,,,,,
Phengaris atroguttata,13, Malvaceae ,,,,,,,,,,,,,,,,,,,,,,,
Phengaris nausithous,4, Lamiaceae ,,,,,,,,,,,,,,,,,,,,,,,
Philaethria dido,10, Asteraceae ,,,,,,,,,,,,,,,,,,,,,,,
Philotes sonorensis,11, Cannabaceae ,,,,,,,,,,,,,,,,,,,,,,,
Philotiella leona,6, Euphorbiaceae ,,,,,,,,,,,,,,,,,,,,,,,
Phlyaria cyara,7, Fabaceae ,,,,,,,,,,,,,,,,,,,,,,,
Phocides pigmalion,6, Euphorbiaceae ,,,,,,,,,,,,,,,,,,,,,,,
Phocides polybius,9, Myrtaceae+Insect ,,,,,,,,,,,,,,,,,,,,,,,
Phoebis agarithe,7, Fabaceae ,,,,,,,,,,,,,,,,,,,,,,,
Phoebis argante,7, Fabaceae ,,,,,,,,,,,,,,,,,,,,,,,
Phoebis boisduvalii,7, Fabaceae ,,,,,,,,,,,,,,,,,,,,,,,
Phoebis sennae,7, Fabaceae ,,,,,,,,,,,,,,,,,,,,,,,
Phoebis statira,1, Violaceae ,,,,,,,,,,,,,,,,,,,,,,,
Phoebis trite,13, Malvaceae ,,,,,,,,,,,,,,,,,,,,,,,
Pholisora catullus,1, Violaceae ,,,,,,,,,,,,,,,,,,,,,,,
Pholisora mejicanus,1, Violaceae ,,,,,,,,,,,,,,,,,,,,,,,
Phyciodes cocyta,10, Asteraceae ,,,,,,,,,,,,,,,,,,,,,,,
Phyciodes tharos,10, Asteraceae ,,,,,,,,,,,,,,,,,,,,,,,
Physcaeneura panda,8, Poaceae ,,,,,,,,,,,,,,,,,,,,,,,
Phystis simois,8, Poaceae ,,,,,,,,,,,,,,,,,,,,,,,
Pieriballia viardi,5, Brassicaceae ,,,,,,,,,,,,,,,,,,,,,,,
Pieris brassicae,5, Brassicaceae ,,,,,,,,,,,,,,,,,,,,,,,
Pieris napi,5, Brassicaceae ,,,,,,,,,,,,,,,,,,,,,,,
Pieris rapae,5, Brassicaceae ,,,,,,,,,,,,,,,,,,,,,,,
Pierphulia rosea,5, Brassicaceae ,,,,,,,,,,,,,,,,,,,,,,,
Pinacopteryx eriphia,5, Brassicaceae ,,,,,,,,,,,,,,,,,,,,,,,
Pirdana hyela,2, Rutaceae+Insect ,,,,,,,,,,,,,,,,,,,,,,,
Piruna aea,8, Poaceae ,,,,,,,,,,,,,,,,,,,,,,,
Piruna pirus,8, Poaceae ,,,,,,,,,,,,,,,,,,,,,,,
Pithecops corvus,4, Lamiaceae ,,,,,,,,,,,,,,,,,,,,,,,
Placidina euryanassa,6, Euphorbiaceae ,,,,,,,,,,,,,,,,,,,,,,,
Plastingia naga,3, Arecaceae ,,,,,,,,,,,,,,,,,,,,,,,
Platylesches picanini,7, Fabaceae ,,,,,,,,,,,,,,,,,,,,,,,
Plautella cossaea,6, Euphorbiaceae ,,,,,,,,,,,,,,,,,,,,,,,
Plebejidea loewii,7, Fabaceae ,,,,,,,,,,,,,,,,,,,,,,,
Plebejus anna,7, Fabaceae ,,,,,,,,,,,,,,,,,,,,,,,
Plebejus argus,1, Violaceae ,,,,,,,,,,,,,,,,,,,,,,,
Plebejus idas,7, Fabaceae ,,,,,,,,,,,,,,,,,,,,,,,
Plebejus melissa,7, Fabaceae ,,,,,,,,,,,,,,,,,,,,,,,
Plebulina emigdionis,1, Violaceae ,,,,,,,,,,,,,,,,,,,,,,,
Ploetzia amygdalis,3, Arecaceae ,,,,,,,,,,,,,,,,,,,,,,,
Poladryas arachne,1, Violaceae ,,,,,,,,,,,,,,,,,,,,,,,
Polites vibex,8, Poaceae ,,,,,,,,,,,,,,,,,,,,,,,
Polycaena tamerlana,8, Poaceae ,,,,,,,,,,,,,,,,,,,,,,,
Polyctor polyctor,6, Euphorbiaceae ,,,,,,,,,,,,,,,,,,,,,,,
Polygonia c-album,12, Salicaceae ,,,,,,,,,,,,,,,,,,,,,,,
Polygonia c-aureum,11, Cannabaceae ,,,,,,,,,,,,,,,,,,,,,,,
Polygonus leo,7, Fabaceae ,,,,,,,,,,,,,,,,,,,,,,,
Polygonus savigny,7, Fabaceae ,,,,,,,,,,,,,,,,,,,,,,,
Polyommatus icarus,7, Fabaceae ,,,,,,,,,,,,,,,,,,,,,,,
Polytremis lubricans,8, Poaceae ,,,,,,,,,,,,,,,,,,,,,,,
Polyura eudamippus,11, Cannabaceae ,,,,,,,,,,,,,,,,,,,,,,,
Pontia beckerii,5, Brassicaceae ,,,,,,,,,,,,,,,,,,,,,,,
Pontia daplidice,5, Brassicaceae ,,,,,,,,,,,,,,,,,,,,,,,
Poritia hewitsoni,1, Violaceae ,,,,,,,,,,,,,,,,,,,,,,,
Posttaygetis penelea,8, Poaceae ,,,,,,,,,,,,,,,,,,,,,,,
Potanthus omaha,2, Rutaceae+Insect ,,,,,,,,,,,,,,,,,,,,,,,
Praepedaliodes phanias,8, Poaceae ,,,,,,,,,,,,,,,,,,,,,,,
Praephilotes anthracias,6, Euphorbiaceae ,,,,,,,,,,,,,,,,,,,,,,,
Praetaxila segecia,8, Poaceae ,,,,,,,,,,,,,,,,,,,,,,,
Praethoressa varia,8, Poaceae ,,,,,,,,,,,,,,,,,,,,,,,
Pratapa deva,4, Lamiaceae ,,,,,,,,,,,,,,,,,,,,,,,
Prepona claudina,10, Asteraceae ,,,,,,,,,,,,,,,,,,,,,,,
Prepona dexamenus,7, Fabaceae ,,,,,,,,,,,,,,,,,,,,,,,
Prepona laertes,7, Fabaceae ,,,,,,,,,,,,,,,,,,,,,,,
Prioneris thestylis,5, Brassicaceae ,,,,,,,,,,,,,,,,,,,,,,,
Problema byssus,8, Poaceae ,,,,,,,,,,,,,,,,,,,,,,,
Proeidosa polysema,8, Poaceae ,,,,,,,,,,,,,,,,,,,,,,,
Prolibythea carinenta,11, Cannabaceae ,,,,,,,,,,,,,,,,,,,,,,,
Prosotas nora,9, Myrtaceae+Insect ,,,,,,,,,,,,,,,,,,,,,,,
Protantigius superans,12, Salicaceae ,,,,,,,,,,,,,,,,,,,,,,,
Proteides mercurius,7, Fabaceae ,,,,,,,,,,,,,,,,,,,,,,,
Proterebia phegea,8, Poaceae ,,,,,,,,,,,,,,,,,,,,,,,
Protesilaus protesilaus,1, Violaceae ,,,,,,,,,,,,,,,,,,,,,,,
Prothoe franckii,1, Violaceae ,,,,,,,,,,,,,,,,,,,,,,,
Protogoniomorpha anacardii,8, Poaceae ,,,,,,,,,,,,,,,,,,,,,,,
Protogoniomorpha parhassus,8, Poaceae ,,,,,,,,,,,,,,,,,,,,,,,
Protographium marcellus,1, Violaceae ,,,,,,,,,,,,,,,,,,,,,,,
Protonymphidia senta,7, Fabaceae ,,,,,,,,,,,,,,,,,,,,,,,
Pseudacraea rubrobasalis,4, Lamiaceae ,,,,,,,,,,,,,,,,,,,,,,,
Pseudaletis agrippina,11, Cannabaceae ,,,,,,,,,,,,,,,,,,,,,,,
Pseudalmenus barringtonensis,7, Fabaceae ,,,,,,,,,,,,,,,,,,,,,,,
Pseudargynnis hegemone,5, Brassicaceae ,,,,,,,,,,,,,,,,,,,,,,,
Pseudergolis avesta,7, Fabaceae ,,,,,,,,,,,,,,,,,,,,,,,
Pseudochrysops bornoi,7, Fabaceae ,,,,,,,,,,,,,,,,,,,,,,,
Pseudocoladenia dan,1, Violaceae ,,,,,,,,,,,,,,,,,,,,,,,
Pseudocopaeodes eunus,8, Poaceae ,,,,,,,,,,,,,,,,,,,,,,,
Pseudodipsas eone,4, Lamiaceae ,,,,,,,,,,,,,,,,,,,,,,,
Pseudolucia chilensis,6, Euphorbiaceae ,,,,,,,,,,,,,,,,,,,,,,,
Pseudolucia parana,6, Euphorbiaceae ,,,,,,,,,,,,,,,,,,,,,,,
Pseudolycaena marsyas,13, Malvaceae ,,,,,,,,,,,,,,,,,,,,,,,
Pseudonacaduba aethiops,7, Fabaceae ,,,,,,,,,,,,,,,,,,,,,,,
Pseudonascus paulliniae,13, Malvaceae ,,,,,,,,,,,,,,,,,,,,,,,
Pseudoneptis bugandensis,3, Arecaceae ,,,,,,,,,,,,,,,,,,,,,,,
Pseudonympha trimenii,8, Poaceae ,,,,,,,,,,,,,,,,,,,,,,,
Pseudopieris nehemia,7, Fabaceae ,,,,,,,,,,,,,,,,,,,,,,,
Pseudopontia paradoxa,2, Rutaceae+Insect ,,,,,,,,,,,,,,,,,,,,,,,
Pseudopontia zambezi,2, Rutaceae+Insect ,,,,,,,,,,,,,,,,,,,,,,,
Pseudoscada timna,6, Euphorbiaceae ,,,,,,,,,,,,,,,,,,,,,,,
Pseudozizeeria maha,4, Lamiaceae ,,,,,,,,,,,,,,,,,,,,,,,
Psolos fuligo,3, Arecaceae ,,,,,,,,,,,,,,,,,,,,,,,
Psychonotis caelius,6, Euphorbiaceae ,,,,,,,,,,,,,,,,,,,,,,,
Ptelina carnuta,11, Cannabaceae ,,,,,,,,,,,,,,,,,,,,,,,
Pteronymia aletta,6, Euphorbiaceae ,,,,,,,,,,,,,,,,,,,,,,,
Pteroteinon laufella,3, Arecaceae ,,,,,,,,,,,,,,,,,,,,,,,
Ptychandra lorquinii,8, Poaceae ,,,,,,,,,,,,,,,,,,,,,,,
Pycina zamba,7, Fabaceae ,,,,,,,,,,,,,,,,,,,,,,,
Pyrgus carthami,10, Asteraceae ,,,,,,,,,,,,,,,,,,,,,,,
Pyrgus malvae,6, Euphorbiaceae ,,,,,,,,,,,,,,,,,,,,,,,
Pyrgus scriptura,13, Malvaceae ,,,,,,,,,,,,,,,,,,,,,,,
Pyrisitia lisa,7, Fabaceae ,,,,,,,,,,,,,,,,,,,,,,,
Pyrisitia proterpia,7, Fabaceae ,,,,,,,,,,,,,,,,,,,,,,,
Pyronia tithonus,8, Poaceae ,,,,,,,,,,,,,,,,,,,,,,,
Pyrrhiades lucagus,11, Cannabaceae ,,,,,,,,,,,,,,,,,,,,,,,
Pyrrhocalles antiqua,3, Arecaceae ,,,,,,,,,,,,,,,,,,,,,,,
Pyrrhochalcia iphis,13, Malvaceae ,,,,,,,,,,,,,,,,,,,,,,,
Pyrrhogyra neaerea,13, Malvaceae ,,,,,,,,,,,,,,,,,,,,,,,
Pyrrhogyra otolais,13, Malvaceae ,,,,,,,,,,,,,,,,,,,,,,,
Pyrrhopyge crida,11, Cannabaceae ,,,,,,,,,,,,,,,,,,,,,,,
Pyrrhopyge phidias,11, Cannabaceae ,,,,,,,,,,,,,,,,,,,,,,,
Pyrrhopygopsis socrates,3, Arecaceae ,,,,,,,,,,,,,,,,,,,,,,,
Pythonides jovianus,2, Rutaceae+Insect ,,,,,,,,,,,,,,,,,,,,,,,
Quadrus cerialis,2, Rutaceae+Insect ,,,,,,,,,,,,,,,,,,,,,,,
Quedara monteithi,3, Arecaceae ,,,,,,,,,,,,,,,,,,,,,,,
Quinta cannae,8, Poaceae ,,,,,,,,,,,,,,,,,,,,,,,
Rachana jalindra,6, Euphorbiaceae ,,,,,,,,,,,,,,,,,,,,,,,
Ragadia luzonia,10, Asteraceae ,,,,,,,,,,,,,,,,,,,,,,,
Ragadia makuta,13, Malvaceae ,,,,,,,,,,,,,,,,,,,,,,,
Rapala varuna,9, Myrtaceae+Insect ,,,,,,,,,,,,,,,,,,,,,,,
Rathinda amor,1, Violaceae ,,,,,,,,,,,,,,,,,,,,,,,
Ravenna niveus,7, Fabaceae ,,,,,,,,,,,,,,,,,,,,,,,
Rekoa meton,10, Asteraceae ,,,,,,,,,,,,,,,,,,,,,,,
Reliquia santamarta,5, Brassicaceae ,,,,,,,,,,,,,,,,,,,,,,,
Remelana jangala,9, Myrtaceae+Insect ,,,,,,,,,,,,,,,,,,,,,,,
Rhetus dysonii,7, Fabaceae ,,,,,,,,,,,,,,,,,,,,,,,
Rhinopalpa polynice,7, Fabaceae ,,,,,,,,,,,,,,,,,,,,,,,
Rhinthon cubana,8, Poaceae ,,,,,,,,,,,,,,,,,,,,,,,
Rimisia miris,7, Fabaceae ,,,,,,,,,,,,,,,,,,,,,,,
Rohana parisatis,11, Cannabaceae ,,,,,,,,,,,,,,,,,,,,,,,
Sabera caesina,3, Arecaceae ,,,,,,,,,,,,,,,,,,,,,,,
Sahulana scintillata,13, Malvaceae ,,,,,,,,,,,,,,,,,,,,,,,
Saigusaozephyrus atabyrius,7, Fabaceae ,,,,,,,,,,,,,,,,,,,,,,,
Sais rosalia,6, Euphorbiaceae ,,,,,,,,,,,,,,,,,,,,,,,
Salanoemia sala,3, Arecaceae ,,,,,,,,,,,,,,,,,,,,,,,
Salantoia eriopis,11, Cannabaceae ,,,,,,,,,,,,,,,,,,,,,,,
Sarangesa dasahara,1, Violaceae ,,,,,,,,,,,,,,,,,,,,,,,
Saribia perroti,2, Rutaceae+Insect ,,,,,,,,,,,,,,,,,,,,,,,
Sarota myrtea,9, Myrtaceae+Insect ,,,,,,,,,,,,,,,,,,,,,,,
Sasakia charonda,11, Cannabaceae ,,,,,,,,,,,,,,,,,,,,,,,
Satarupa gopala,2, Rutaceae+Insect ,,,,,,,,,,,,,,,,,,,,,,,
Satarupa nymphalis,2, Rutaceae+Insect ,,,,,,,,,,,,,,,,,,,,,,,
Satyrium eximia,6, Euphorbiaceae ,,,,,,,,,,,,,,,,,,,,,,,
Satyrium pruni,6, Euphorbiaceae ,,,,,,,,,,,,,,,,,,,,,,,
Satyrium tengstroemi,7, Fabaceae ,,,,,,,,,,,,,,,,,,,,,,,
Satyrotaygetis satyrina,8, Poaceae ,,,,,,,,,,,,,,,,,,,,,,,
Satyrus ferula,8, Poaceae ,,,,,,,,,,,,,,,,,,,,,,,
Scolitantides orion,11, Cannabaceae ,,,,,,,,,,,,,,,,,,,,,,,
Scolitantides vicrama,4, Lamiaceae ,,,,,,,,,,,,,,,,,,,,,,,
Selenophanes cassiope,3, Arecaceae ,,,,,,,,,,,,,,,,,,,,,,,
Semalea pulvina,13, Malvaceae ,,,,,,,,,,,,,,,,,,,,,,,
Semanga superba,6, Euphorbiaceae ,,,,,,,,,,,,,,,,,,,,,,,
Sephisa chandra,7, Fabaceae ,,,,,,,,,,,,,,,,,,,,,,,
Sericinus montela,8, Poaceae ,,,,,,,,,,,,,,,,,,,,,,,
Seseria dohertyi,2, Rutaceae+Insect ,,,,,,,,,,,,,,,,,,,,,,,
Sevenia amulia,6, Euphorbiaceae ,,,,,,,,,,,,,,,,,,,,,,,
Shaanxiana takashimai,2, Rutaceae+Insect ,,,,,,,,,,,,,,,,,,,,,,,
Shijimiaeoides divina,7, Fabaceae ,,,,,,,,,,,,,,,,,,,,,,,
Shirozua jonasi,13, Malvaceae ,,,,,,,,,,,,,,,,,,,,,,,
Shizuyaozephyrus kyokoae,7, Fabaceae ,,,,,,,,,,,,,,,,,,,,,,,
Sibataniozephyrus fujisanus,7, Fabaceae ,,,,,,,,,,,,,,,,,,,,,,,
Siderone galanthis,12, Salicaceae ,,,,,,,,,,,,,,,,,,,,,,,
Signeta flammeata,8, Poaceae ,,,,,,,,,,,,,,,,,,,,,,,
Simiskina phalia,13, Malvaceae ,,,,,,,,,,,,,,,,,,,,,,,
Siproeta epaphus,4, Lamiaceae ,,,,,,,,,,,,,,,,,,,,,,,
Sithon nedymond,4, Lamiaceae ,,,,,,,,,,,,,,,,,,,,,,,
Sloperia proto,4, Lamiaceae ,,,,,,,,,,,,,,,,,,,,,,,
Smyrna blomfildia,7, Fabaceae ,,,,,,,,,,,,,,,,,,,,,,,
Sophista latifasciata,5, Brassicaceae ,,,,,,,,,,,,,,,,,,,,,,,
Spalgis epeus,9, Myrtaceae+Insect ,,,,,,,,,,,,,,,,,,,,,,,
Spalgis lemolea,9, Myrtaceae+Insect ,,,,,,,,,,,,,,,,,,,,,,,
Spathilepia clonius,7, Fabaceae ,,,,,,,,,,,,,,,,,,,,,,,
Spialia orbifer,6, Euphorbiaceae ,,,,,,,,,,,,,,,,,,,,,,,
Spicauda procne,8, Poaceae ,,,,,,,,,,,,,,,,,,,,,,,
Spioniades artemides,4, Lamiaceae ,,,,,,,,,,,,,,,,,,,,,,,
Splendeuptychia doxes,8, Poaceae ,,,,,,,,,,,,,,,,,,,,,,,
Splendeuptychia libitina,8, Poaceae ,,,,,,,,,,,,,,,,,,,,,,,
Stallingsia maculosus,2, Rutaceae+Insect ,,,,,,,,,,,,,,,,,,,,,,,
Staphylus ceos,1, Violaceae ,,,,,,,,,,,,,,,,,,,,,,,
Staphylus hayhurstii,1, Violaceae ,,,,,,,,,,,,,,,,,,,,,,,
Steroma bega,8, Poaceae ,,,,,,,,,,,,,,,,,,,,,,,
Stibochiona coresia,7, Fabaceae ,,,,,,,,,,,,,,,,,,,,,,,
Stichelia bocchoris,5, Brassicaceae ,,,,,,,,,,,,,,,,,,,,,,,
Stichophthalma howqua,3, Arecaceae ,,,,,,,,,,,,,,,,,,,,,,,
Stinga morrisoni,8, Poaceae ,,,,,,,,,,,,,,,,,,,,,,,
Strymon melinus,6, Euphorbiaceae ,,,,,,,,,,,,,,,,,,,,,,,
Stugeta bowkeri,12, Salicaceae ,,,,,,,,,,,,,,,,,,,,,,,
Stygionympha vigilans,4, Lamiaceae ,,,,,,,,,,,,,,,,,,,,,,,
Suada swerga,8, Poaceae ,,,,,,,,,,,,,,,,,,,,,,,
Suastus gremius,3, Arecaceae ,,,,,,,,,,,,,,,,,,,,,,,
Suniana sunias,8, Poaceae ,,,,,,,,,,,,,,,,,,,,,,,
Surendra quercetorum,7, Fabaceae ,,,,,,,,,,,,,,,,,,,,,,,
Symbrenthia hippoclus,7, Fabaceae ,,,,,,,,,,,,,,,,,,,,,,,
Symmachia rubina,11, Cannabaceae ,,,,,,,,,,,,,,,,,,,,,,,
Symphaedra nais,13, Malvaceae ,,,,,,,,,,,,,,,,,,,,,,,
Synale cynaxa,3, Arecaceae ,,,,,,,,,,,,,,,,,,,,,,,
Synapte silius,3, Arecaceae ,,,,,,,,,,,,,,,,,,,,,,,
Synargis calyce,13, Malvaceae ,,,,,,,,,,,,,,,,,,,,,,,
Systasea zampa,13, Malvaceae ,,,,,,,,,,,,,,,,,,,,,,,
Tagiades flesus,13, Malvaceae ,,,,,,,,,,,,,,,,,,,,,,,
Tagiades gana,5, Brassicaceae ,,,,,,,,,,,,,,,,,,,,,,,
Tagiades japetus,5, Brassicaceae ,,,,,,,,,,,,,,,,,,,,,,,
Tagiades litigiosa,5, Brassicaceae ,,,,,,,,,,,,,,,,,,,,,,,
Tajuria cippus,6, Euphorbiaceae ,,,,,,,,,,,,,,,,,,,,,,,
Talbotia naganum,5, Brassicaceae ,,,,,,,,,,,,,,,,,,,,,,,
Talicada nyseus,11, Cannabaceae ,,,,,,,,,,,,,,,,,,,,,,,
Talides sinois,3, Arecaceae ,,,,,,,,,,,,,,,,,,,,,,,
Tanaecia lepidea,5, Brassicaceae ,,,,,,,,,,,,,,,,,,,,,,,
Tapena thwaitesi,7, Fabaceae ,,,,,,,,,,,,,,,,,,,,,,,
Taractrocera luzonensis,8, Poaceae ,,,,,,,,,,,,,,,,,,,,,,,
Taractrocera maevius,8, Poaceae ,,,,,,,,,,,,,,,,,,,,,,,
Taraka hamada,9, Myrtaceae+Insect ,,,,,,,,,,,,,,,,,,,,,,,
Tarsoctenus corytus,1, Violaceae ,,,,,,,,,,,,,,,,,,,,,,,
Tartesa astarte,7, Fabaceae ,,,,,,,,,,,,,,,,,,,,,,,
Tarucus theophrastus,6, Euphorbiaceae ,,,,,,,,,,,,,,,,,,,,,,,
Tatochila autodice,5, Brassicaceae ,,,,,,,,,,,,,,,,,,,,,,,
Taxila haquinus,8, Poaceae ,,,,,,,,,,,,,,,,,,,,,,,
Taygetina kerea,8, Poaceae ,,,,,,,,,,,,,,,,,,,,,,,
Taygetis virgilia,8, Poaceae ,,,,,,,,,,,,,,,,,,,,,,,
Taygetis ypthima,8, Poaceae ,,,,,,,,,,,,,,,,,,,,,,,
Tegosa claudina,10, Asteraceae ,,,,,,,,,,,,,,,,,,,,,,,
Teinopalpus imperialis,3, Arecaceae ,,,,,,,,,,,,,,,,,,,,,,,
Telegonus alector,7, Fabaceae ,,,,,,,,,,,,,,,,,,,,,,,
Telegonus anaphus,7, Fabaceae ,,,,,,,,,,,,,,,,,,,,,,,
Telegonus cellus,7, Fabaceae ,,,,,,,,,,,,,,,,,,,,,,,
Telegonus talus,13, Malvaceae ,,,,,,,,,,,,,,,,,,,,,,,
Telemiades amphion,1, Violaceae ,,,,,,,,,,,,,,,,,,,,,,,
Telicota augias,12, Salicaceae ,,,,,,,,,,,,,,,,,,,,,,,
Tellervo assarica,10, Asteraceae ,,,,,,,,,,,,,,,,,,,,,,,
Tellervo zoilus,4, Lamiaceae ,,,,,,,,,,,,,,,,,,,,,,,
Temenis laothoe,10, Asteraceae ,,,,,,,,,,,,,,,,,,,,,,,
Teniorhinus harona,7, Fabaceae ,,,,,,,,,,,,,,,,,,,,,,,
Teniorhinus watsoni,7, Fabaceae ,,,,,,,,,,,,,,,,,,,,,,,
Teracolus subfasciatus,5, Brassicaceae ,,,,,,,,,,,,,,,,,,,,,,,
Teratoneura isabellae,11, Cannabaceae ,,,,,,,,,,,,,,,,,,,,,,,
Teratozephyrus arisanus,7, Fabaceae ,,,,,,,,,,,,,,,,,,,,,,,
Terenthina terentia,6, Euphorbiaceae ,,,,,,,,,,,,,,,,,,,,,,,
Terinos clarissa,12, Salicaceae ,,,,,,,,,,,,,,,,,,,,,,,
Terinos terpander,2, Rutaceae+Insect ,,,,,,,,,,,,,,,,,,,,,,,
Teriocolias zelia,7, Fabaceae ,,,,,,,,,,,,,,,,,,,,,,,
Teriomima subpunctata,11, Cannabaceae ,,,,,,,,,,,,,,,,,,,,,,,
Texola elada,10, Asteraceae ,,,,,,,,,,,,,,,,,,,,,,,
Thaduka multicaudata,6, Euphorbiaceae ,,,,,,,,,,,,,,,,,,,,,,,
Thaleropis ionia,12, Salicaceae ,,,,,,,,,,,,,,,,,,,,,,,
Thamala marciana,13, Malvaceae ,,,,,,,,,,,,,,,,,,,,,,,
Thauria aliris,3, Arecaceae ,,,,,,,,,,,,,,,,,,,,,,,
Theagenes dichrous,4, Lamiaceae ,,,,,,,,,,,,,,,,,,,,,,,
Thecla betulae,12, Salicaceae ,,,,,,,,,,,,,,,,,,,,,,,
Theclinesthes miskini,9, Myrtaceae+Insect ,,,,,,,,,,,,,,,,,,,,,,,
Theclopsis lydus,7, Fabaceae ,,,,,,,,,,,,,,,,,,,,,,,
Theope publius,1, Violaceae ,,,,,,,,,,,,,,,,,,,,,,,
Theope terambus,2, Rutaceae+Insect ,,,,,,,,,,,,,,,,,,,,,,,
Theope virgilius,12, Salicaceae ,,,,,,,,,,,,,,,,,,,,,,,
Thereus orasus,6, Euphorbiaceae ,,,,,,,,,,,,,,,,,,,,,,,
Theritas mavors,5, Brassicaceae ,,,,,,,,,,,,,,,,,,,,,,,
Theritas triquetra,6, Euphorbiaceae ,,,,,,,,,,,,,,,,,,,,,,,
Thespieus macareus,6, Euphorbiaceae ,,,,,,,,,,,,,,,,,,,,,,,
Thestor protumnus,13, Malvaceae ,,,,,,,,,,,,,,,,,,,,,,,
Thisbe irenea,6, Euphorbiaceae ,,,,,,,,,,,,,,,,,,,,,,,
Thisbe lycorias,7, Fabaceae ,,,,,,,,,,,,,,,,,,,,,,,
Thracides phidon,3, Arecaceae ,,,,,,,,,,,,,,,,,,,,,,,
Thymelicus lineola,8, Poaceae ,,,,,,,,,,,,,,,,,,,,,,,
Thymelicus sylvestris,8, Poaceae ,,,,,,,,,,,,,,,,,,,,,,,
Thyridia psidii,6, Euphorbiaceae ,,,,,,,,,,,,,,,,,,,,,,,
Tigasis arita,8, Poaceae ,,,,,,,,,,,,,,,,,,,,,,,
Tigridia acesta,13, Malvaceae ,,,,,,,,,,,,,,,,,,,,,,,
Timelaea albescens,11, Cannabaceae ,,,,,,,,,,,,,,,,,,,,,,,
Tirumala limniace,10, Asteraceae ,,,,,,,,,,,,,,,,,,,,,,,
Tisiphone abeona,8, Poaceae ,,,,,,,,,,,,,,,,,,,,,,,
Tithorea tarricina,10, Asteraceae ,,,,,,,,,,,,,,,,,,,,,,,
Tmolus echion,4, Lamiaceae ,,,,,,,,,,,,,,,,,,,,,,,
Tomares ballus,7, Fabaceae ,,,,,,,,,,,,,,,,,,,,,,,
Tongeia filicaudis,11, Cannabaceae ,,,,,,,,,,,,,,,,,,,,,,,
Tongeia fischeri,11, Cannabaceae ,,,,,,,,,,,,,,,,,,,,,,,
Torynesis mintha,8, Poaceae ,,,,,,,,,,,,,,,,,,,,,,,
Toxidia parvulus,8, Poaceae ,,,,,,,,,,,,,,,,,,,,,,,
Toxidia peron,8, Poaceae ,,,,,,,,,,,,,,,,,,,,,,,
Trapezites petalia,2, Rutaceae+Insect ,,,,,,,,,,,,,,,,,,,,,,,
Trapezites symmomus,2, Rutaceae+Insect ,,,,,,,,,,,,,,,,,,,,,,,
Triclema nigeriae,7, Fabaceae ,,,,,,,,,,,,,,,,,,,,,,,
Triclema rufoplagata,4, Lamiaceae ,,,,,,,,,,,,,,,,,,,,,,,
Trimenia argyroplaga,13, Malvaceae ,,,,,,,,,,,,,,,,,,,,,,,
Triskelionia tricerata,7, Fabaceae ,,,,,,,,,,,,,,,,,,,,,,,
Trogonoptera brookiana,8, Poaceae ,,,,,,,,,,,,,,,,,,,,,,,
Troides rhadamantus,8, Poaceae ,,,,,,,,,,,,,,,,,,,,,,,
Tsitana tsita,8, Poaceae ,,,,,,,,,,,,,,,,,,,,,,,
Turanana endymion,10, Asteraceae ,,,,,,,,,,,,,,,,,,,,,,,
Tuxentius melaena,6, Euphorbiaceae ,,,,,,,,,,,,,,,,,,,,,,,
Udara albocaeruleus,3, Arecaceae ,,,,,,,,,,,,,,,,,,,,,,,
Udara dilectus,7, Fabaceae ,,,,,,,,,,,,,,,,,,,,,,,
Udaspes folus,9, Myrtaceae+Insect ,,,,,,,,,,,,,,,,,,,,,,,
Udranomia kikkawai,10, Asteraceae ,,,,,,,,,,,,,,,,,,,,,,,
Udranomia orcinus,5, Brassicaceae ,,,,,,,,,,,,,,,,,,,,,,,
Unkana ambasa,4, Lamiaceae ,,,,,,,,,,,,,,,,,,,,,,,
Urbanus esmeraldus,10, Asteraceae ,,,,,,,,,,,,,,,,,,,,,,,
Urbanus proteus,7, Fabaceae ,,,,,,,,,,,,,,,,,,,,,,,
Vagrans egista,12, Salicaceae ,,,,,,,,,,,,,,,,,,,,,,,
Vanessa atalanta,11, Cannabaceae ,,,,,,,,,,,,,,,,,,,,,,,
Vanessa indica,12, Salicaceae ,,,,,,,,,,,,,,,,,,,,,,,
Vanessa tameamea,7, Fabaceae ,,,,,,,,,,,,,,,,,,,,,,,
Vanessula milca,8, Poaceae ,,,,,,,,,,,,,,,,,,,,,,,
Vansomerenia rogersi,7, Fabaceae ,,,,,,,,,,,,,,,,,,,,,,,
Veladyris pardalis,6, Euphorbiaceae ,,,,,,,,,,,,,,,,,,,,,,,
Venada nevada,2, Rutaceae+Insect ,,,,,,,,,,,,,,,,,,,,,,,
Vernia verna,8, Poaceae ,,,,,,,,,,,,,,,,,,,,,,,
Vertica verticalis,3, Arecaceae ,,,,,,,,,,,,,,,,,,,,,,,
Vettius lafrenaye,8, Poaceae ,,,,,,,,,,,,,,,,,,,,,,,
Vindula arsinoe,10, Asteraceae ,,,,,,,,,,,,,,,,,,,,,,,
Wagimo signata,7, Fabaceae ,,,,,,,,,,,,,,,,,,,,,,,
Wallengrenia otho,8, Poaceae ,,,,,,,,,,,,,,,,,,,,,,,
Wallengrenia premnas,8, Poaceae ,,,,,,,,,,,,,,,,,,,,,,,
Xanthodisca vibius,13, Malvaceae ,,,,,,,,,,,,,,,,,,,,,,,
Xanthotaenia busiris,13, Malvaceae ,,,,,,,,,,,,,,,,,,,,,,,
Xeniades orchamus,8, Poaceae ,,,,,,,,,,,,,,,,,,,,,,,
Xenophanes tryxus,13, Malvaceae ,,,,,,,,,,,,,,,,,,,,,,,
Xois sesara,8, Poaceae ,,,,,,,,,,,,,,,,,,,,,,,
Yamamotozephyrus kwangtungensis,7, Fabaceae ,,,,,,,,,,,,,,,,,,,,,,,
Yanguna cosyra,10, Asteraceae ,,,,,,,,,,,,,,,,,,,,,,,
Yoma sabina,4, Lamiaceae ,,,,,,,,,,,,,,,,,,,,,,,
Ypthima argus,8, Poaceae ,,,,,,,,,,,,,,,,,,,,,,,
Ypthimomorpha itonia,8, Poaceae ,,,,,,,,,,,,,,,,,,,,,,,
Yramea cytheris,1, Violaceae ,,,,,,,,,,,,,,,,,,,,,,,
Zaretis callidryas,12, Salicaceae ,,,,,,,,,,,,,,,,,,,,,,,
Zaretis isidora,12, Salicaceae ,,,,,,,,,,,,,,,,,,,,,,,
Zegris eupheme,5, Brassicaceae ,,,,,,,,,,,,,,,,,,,,,,,
Zela zeus,3, Arecaceae ,,,,,,,,,,,,,,,,,,,,,,,
Zemeros flegyas,8, Poaceae ,,,,,,,,,,,,,,,,,,,,,,,
Zenonia zeno,8, Poaceae ,,,,,,,,,,,,,,,,,,,,,,,
Zerene cesonia,7, Fabaceae ,,,,,,,,,,,,,,,,,,,,,,,
Zerynthia polyxena,8, Poaceae ,,,,,,,,,,,,,,,,,,,,,,,
Zesius chrysomallus,9, Myrtaceae+Insect ,,,,,,,,,,,,,,,,,,,,,,,
Zestusa dorus,7, Fabaceae ,,,,,,,,,,,,,,,,,,,,,,,
Zethera pimplea,8, Poaceae ,,,,,,,,,,,,,,,,,,,,,,,
Ziegleria hesperitis,4, Lamiaceae ,,,,,,,,,,,,,,,,,,,,,,,
Zinaspa youngi,7, Fabaceae ,,,,,,,,,,,,,,,,,,,,,,,
Zintha hintza,2, Rutaceae+Insect ,,,,,,,,,,,,,,,,,,,,,,,
Zizeeria karsandra,4, Lamiaceae ,,,,,,,,,,,,,,,,,,,,,,,
Zizeeria knysna,4, Lamiaceae ,,,,,,,,,,,,,,,,,,,,,,,
Zizina otis,7, Fabaceae ,,,,,,,,,,,,,,,,,,,,,,,
Zizula hylax,4, Lamiaceae ,,,,,,,,,,,,,,,,,,,,,,,
Zographetus ogygia,7, Fabaceae ,,,,,,,,,,,,,,,,,,,,,,,
Zophopetes cerymica,3, Arecaceae ,,,,,,,,,,,,,,,,,,,,,,,
Zophopetes dysmephila,3, Arecaceae ,,,,,,,,,,,,,,,,,,,,,,,